idDBLP,idScholar,DBLP_Match,Scholar_Match,Match_ID
journals/sigmod/EisenbergM02,wgK6p4mDSIMJ,2,63690,2_63690
journals/sigmod/Hammer02,url:http://portal.acm.org/ft_gateway.cfm%3Fid%3D584455%26type%3Dpdf%26dl%3DGUIDE%26dl%3DACM%26CFID%3D11111111%26CFTOKEN%3D2222222,5,4975,5_4975
journals/sigmod/BargaL02,QTzV3iNq2O8J,8,40746,8_40746
journals/sigmod/Konig-RiesMMPPRSVW02,s6EfjBMbUb4J,11,26195,11_26195
journals/sigmod/Kosch02,_avm808LQocJ,13,27627,13_27627
journals/sigmod/CaplinskasEV02,MH0RCZvsQ1cJ,19,41048,19_41048
conf/vldb/SrikantA95,Ve-JH2yNN0kJ,20,5058,20_5058
journals/sigmod/Kim02,1PPb2Y8X7rAJ,26,16331,26_16331
journals/sigmod/CiliaB02,Y1HVgTopekIJ,30,23455,30_23455
journals/sigmod/HummerLW02,W1IcM8IUwAEJ,31,27486,31_27486
conf/vldb/LometT95,P7GUGC5bz7wJ,32,47581,32_47581
conf/vldb/Wang95,kYYJq-JrCn0J,33,3741,33_3741
journals/sigmod/HalkidiBV02,GHjgDrEbqM4J,38,11886,38_11886
journals/sigmod/PourabbasR02,QyNfyYDySawJ,39,60341,39_60341
conf/vldb/HoelS95,7KsyQNj74A4J,40,5473,40_5473
journals/sigmod/CruzKLSWY02,url:http://portal.acm.org/ft_gateway.cfm%3Fid%3D601882%26type%3Dpdf%26dl%3DGUIDE%26dl%3DACM%26CFID%3D11111111%26CFTOKEN%3D2222222,45,42318,45_42318
journals/sigmod/LuoI02,url:http://portal.acm.org/ft_gateway.cfm%3Fid%3D601879%26type%3Dpdf%26dl%3DGUIDE%26dl%3DACM%26CFID%3D11111111%26CFTOKEN%3D2222222,47,9465,47_9465
journals/sigmod/Wiegand02,RAcoVQuEzD8J,49,61163,49_61163
conf/vldb/KonopnickiS95,fAZ2KwztkLoJ,50,34911,50_34911
journals/sigmod/OrlandicLS02,eLf0eStn5G4J,51,36934,51_36934
conf/vldb/Korth95,UZAQL1o-c0MJ,54,45108,54_45108
journals/sigmod/Fagin02,C3swZi1md5YJ,55,51445,55_51445
journals/sigmod/YaoG02,ARLe7W8EvDoJ,67,14320,67_14320
conf/vldb/NgH94,6OfJSMB4vOcJ,73,47344,73_47344
journals/sigmod/Neven02,xAXF0HSF4h8J,74,12937,74_12937
journals/sigmod/WinslettCDHZZ02,url:http://portal.acm.org/ft_gateway.cfm%3Fid%3D601881%26type%3Dpdf%26dl%3DGUIDE%26dl%3DACM%26CFID%3D11111111%26CFTOKEN%3D2222222,75,51637,75_51637
journals/sigmod/CrestaniG02,tyZxVraNgTsJ,85,2858,85_2858
conf/vldb/JohnsonS94,FqxbaJQMigIJ,90,55456,90_55456
journals/sigmod/LightstoneLZ02,7TYVQTwq9FIJ,92,15950,92_15950
conf/vldb/BaralisW94,nqaF5CzBelgJ,94,3621,94_3621
conf/vldb/AgrawalS94,P0age7qyZacJ,96,7823,96_7823
journals/sigmod/Badia02,url:http://portal.acm.org/ft_gateway.cfm%3Fid%3D637425%26type%3Dpdf%26dl%3DGUIDE%26dl%3DACM%26CFID%3D11111111%26CFTOKEN%3D2222222,97,4581,97_4581
journals/sigmod/GobleR02a,B-u4advaVBkJ,99,58347,99_58347
conf/vldb/EvangelidisLS95,sXa76m0wBGYJ,102,9822,102_9822
journals/sigmod/Wu02,url:http://portal.acm.org/citation.cfm%3Fid%3D637411.637426%26dl%3DGUIDE%26dl%3DACM%26idx%3D637411%26part%3Dperiodical%26WantType%3Dperiodical%26title%3DACM%2520SIGMOD%2520Record%26CFID%3D11111111%26CFTOKEN%3D2222222,103,36981,103_36981
journals/sigmod/FininJ02,rg8576nvnkUJ,106,53955,106_53955
journals/sigmod/SureSS02,v0tY6g0DHMcJ,107,24798,107_24798
journals/sigmod/AnyanwuS02,LoDGuFLlvsAJ,111,6002,111_6002
conf/vldb/SistlaYLL95,bDH4OmzDSLEJ,112,13080,112_13080
journals/sigmod/HalkidiBV02a,SFs0XOMPphIJ,113,16946,113_16946
journals/sigmod/HuangKL02,yyUMt1X2WXcJ,119,23180,119_23180
journals/sigmod/Grohe02,RnmBv4e85pMJ,123,1818,123_1818
journals/sigmod/BoucelmaCGJLL02,I9JXY0-R4GgJ,128,24329,128_24329
journals/sigmod/HanBP01, ,130,56579,130_56579
journals/sigmod/Suciu01,_vOvQUzSV-gJ,131,11737,131_11737
journals/sigmod/Fankhauser01,_sltXCfRKhYJ,133,59684,133_59684
conf/vldb/BrownMCL94,xfAfu8uJ6NAJ,134,5099,134_5099
journals/sigmod/SchmidtWKFCMB01,fc8y9x82jqAJ,135,57345,135_57345
conf/vldb/LevyMS94,8AHaTrvwsJoJ,136,25401,136_25401
journals/sigmod/Lomet01,fI5o4MfWwzIJ,137,24660,137_24660
journals/sigmod/ChienTZ01,cjBpI3TcSWsJ,142,369,142_369
journals/sigmod/LudascherMM01,16yr6uv8Rn8J,144,4131,144_4131
conf/vldb/TeisseirePC94,w17spSGfEXYJ,147,13198,147_13198
journals/sigmod/Winslett01,m2Mf-4BgLP4J,149,60266,149_60266
conf/vldb/HoelS94,PBMxFmEVlBQJ,157,20258,157_20258
journals/sigmod/EisenbergM01,GKUflKzgAVEJ,158,62559,158_62559
journals/sigmod/MeltonE01,619anaISuGEJ,163,12548,163_12548
journals/sigmod/ShethMKA01,url:http://portal.acm.org/ft_gateway.cfm%3Fid%3D604286%26type%3Dpdf%26dl%3DGUIDE%26dl%3DACM%26CFID%3D11111111%26CFTOKEN%3D2222222,172,32201,172_32201
journals/sigmod/Cetintemel01,CAKcsKXFoCoJ,173,45432,173_45432
journals/sigmod/BabuW01,VLOGPMjpyZ0J,178,4285,178_4285
journals/sigmod/Huyn01,KNYDz76C_HsJ,179,40404,179_40404
journals/sigmod/ShanmugasundaramSKKVNT01,wTJy5XquCpsJ,182,37912,182_37912
journals/sigmod/LabrinidisM01,url:http://portal.acm.org/ft_gateway.cfm%3Fid%3D603886%26type%3Dpdf%26dl%3DGUIDE%26dl%3DACM%26CFID%3D11111111%26CFTOKEN%3D2222222,191,40928,191_40928
journals/sigmod/StolfoLCFE01,lvIPWxkN4YAJ,195,18711,195_18711
conf/sigmod/BabcockO03,acnzsOLHFywJ,196,46741,196_46741
conf/sigmod/DasGR03,JaJKfzmaEBYJ,197,55671,197_55671
journals/sigmod/BarbaraCJW01,asukNMVeZZYJ,198,43998,198_43998
journals/sigmod/CabreraLM01,b201QeqnlNkJ,199,48993,199_48993
conf/sigmod/WangJLY03,EQsWWZdE45wJ,200,46951,200_46951
journals/sigmod/Cardelli01,UYAoi4DYOXUJ,204,8157,204_8157
journals/sigmod/LeeF01,llGIoKCzsiYJ,209,7500,209_7500
conf/sigmod/FaginKS03,tQZWeE_nsa0J,210,33685,210_33685
journals/sigmod/SayginVC01,url:http://portal.acm.org/ft_gateway.cfm%3Fid%3D604271%26type%3Dpdf%26dl%3DGUIDE%26dl%3DACM%26CFID%3D11111111%26CFTOKEN%3D2222222,211,47333,211_47333
conf/sigmod/ArasuG03,zN8ngmWNDlgJ,212,203,212_203
conf/sigmod/ChaudhuriGS03,OFGtGwUHhUQJ,213,11069,213_11069
journals/sigmod/VelACM01,LseDURw3BXMJ,214,61495,214_61495
conf/sigmod/IlyasRLGL03,qCnvlNwYp6cJ,216,14515,216_14515
conf/sigmod/DeligiannakisR03,zMgbS5u_GwYJ,217,61577,217_61577
conf/sigmod/BabcockBDM03,a2wqpKma5J4J,220,1120,220_1120
conf/sigmod/BenediktCFFR03,T5ZdpquqfJ0J,222,27356,222_27356
journals/sigmod/TianDCZ02,JceK-ywXk8UJ,226,36892,226_36892
conf/vldb/ChaudhuriS94,bd-Lu1jeg-AJ,228,58946,228_58946
journals/sigmod/SommerGB02,8l5_eKZcCh8J,230,810,230_810
journals/sigmod/Cingil02,2K6rhX16hXwJ,231,14374,231_14374
conf/vldb/GaasterlandL94,cVgF0jn9q6MJ,235,38651,235_38651
conf/vldb/LitwinNS94,Ass0qgT-aa4J,237,48934,237_48934
journals/sigmod/Bussler02,Phcd3C1cfLcJ,238,52792,238_52792
journals/sigmod/BallMRZ02,Mfc9xsb7BuQJ,239,63576,239_63576
journals/sigmod/Stonebraker02,0HMk-YUh4i8J,246,26,246_26
journals/sigmod/Suciu02,Ikk1rb4o66UJ,248,13104,248_13104
journals/sigmod/GobleR02,url:http://portal.acm.org/ft_gateway.cfm%3Fid%3D507366%26type%3Dpdf%26dl%3DGUIDE%26dl%3DACM%26CFID%3D11111111%26CFTOKEN%3D2222222,249,192,249_192
journals/sigmod/RossKMV02,tOa0zXK5Ba4J,251,38553,251_38553
conf/vldb/KamelF94,A7WoAzxOJ9YJ,255,849,255_849
journals/sigmod/Snodgrass02,_qopgNiYmXQJ,256,22558,256_22558
journals/sigmod/VassiliadisS99,eGARASwVBrUJ,257,25081,257_25081
conf/sigmod/LakshmananPZ03,rNu93TfKkd4J,258,1239,258_1239
journals/sigmod/JacobS99,3-iiSyJLwLkJ,259,50528,259_50528
conf/sigmod/GuoSBS03,p_PDgjVRUS4J,261,42578,261_42578
journals/sigmod/KempsterST99,JfmkT9KvKWoJ,262,2647,262_2647
conf/sigmod/Al-KhalifaYJ03,boJKiPCpIxkJ,263,38552,263_38552
journals/sigmod/GatziuJSV99,HtqrJuo7GSsJ,264,29992,264_29992
conf/sigmod/WangPFY03,jpNXw9L7pxgJ,265,31771,265_31771
conf/sigmod/SionAP03,_L0DhCpFaXMJ,267,26870,267_26870
conf/sigmod/AgrawalES03,HypA8oN4PqsJ,270,18378,270_18378
journals/sigmod/DongS00,gH_HDDJghbAJ,271,2206,271_2206
conf/sigmod/SchleimerWA03,nCRFjDfhOmcJ,272,10767,272_10767
conf/sigmod/JohnsonD03,5OYgUpRggiMJ,273,13887,273_13887
journals/sigmod/CeriKKLOSV00,nLbW09uNfmsJ,275,22741,275_22741
conf/sigmod/GuptaLM03,iCg06Oc9DV8J,276,5480,276_5480
conf/sigmod/AgrawalK03,ewoQO00BuFoJ,277,32030,277_32030
conf/sigmod/Ullman03,TabFkjNTLMsJ,281,38039,281_38039
journals/sigmod/BonifatiC00,hBGcwElxNoQJ,282,20379,282_20379
journals/sigmod/LiefkeS00,N0eowMtIAukJ,283,6852,283_6852
journals/sigmod/Vassilakis00,nZO8ZA4eYzYJ,285,12967,285_12967
conf/sigmod/Mamoulis03,8-eaDTdtfY4J,286,56525,286_56525
journals/sigmod/PourabbasR00,3y6y5AXu-j0J,287,62295,287_62295
conf/sigmod/JagatheesanR03,QDqI_QZyy10J,288,532,288_532
conf/sigmod/ChengKP03,kSt-Pqp2ilYJ,289,53505,289_53505
journals/sigmod/RoddickABDEGHLMMMW00,url:http://portal.acm.org/ft_gateway.cfm%3Fid%3D344789%26type%3Dpdf%26dl%3DGUIDE%26dl%3DACM%26CFID%3D11111111%26CFTOKEN%3D2222222,290,53998,290_53998
conf/sigmod/OlstonJW03,D1h_jOHVyA4J,291,30276,291_30276
journals/sigmod/LabrinidisR00,Wcbvsi-QDtcJ,292,36427,292_36427
journals/sigmod/Palpanas00,MGG31wuhuUIJ,293,35073,293_35073
conf/sigmod/AbiteboulBCMM03,Rjb06zlxbLIJ,294,42505,294_42505
conf/sigmod/BabcockCD03,mbhZ3gSR3NMJ,296,56874,296_56874
conf/sigmod/ShenNSHS03,LjrsWIr3rhAJ,297,33631,297_33631
journals/sigmod/WestmannKHM00,9jyzas_rFd4J,298,51865,298_51865
journals/sigmod/VetterliVS00,ZUMidTbSKiEJ,300,30532,300_30532
conf/sigmod/DeHaanTCO03,gyYBYgpB63sJ,301,41432,301_41432
journals/sigmod/ClementiniF00,9_GTdteKEYsJ,302,6435,302_6435
conf/sigmod/CranorJSS03,nHesT9ADTdEJ,304,23613,304_23613
conf/sigmod/Bierman03,vQcfluHWCeAJ,305,27191,305_27191
journals/sigmod/WuY00,url:http://portal.acm.org/ft_gateway.cfm%3Fid%3D362096%26type%3Dpdf%26dl%3DGUIDE%26dl%3DACM%26CFID%3D11111111%26CFTOKEN%3D2222222,306,24409,306_24409
journals/sigmod/ArpinarD00,YQQMvRraFBwJ,307,2496,307_2496
conf/sigmod/SunAA03,wR6CGftUyH0J,308,2795,308_2795
conf/sigmod/ReissK03,L1m30vG-d5sJ,309,17059,309_17059
conf/sigmod/LometT03,GidOUF_Jd4oJ,311,21281,311_21281
conf/sigmod/DeshpandeNGS03,fU6zoUKeXe8J,314,38069,314_38069
conf/sigmod/LiBKN03,micx2kyGfKIJ,315,37433,315_37433
conf/sigmod/PapadiasTFS03,MkRJhOROQjsJ,317,5601,317_5601
conf/sigmod/Stonebraker03,_CGWFOx5yt0J,322,9271,322_9271
journals/sigmod/LeeC00,b9BVLUU3P0YJ,323,20403,323_20403
journals/sigmod/Hammer00,url:http://portal.acm.org/ft_gateway.cfm%3Fid%3D601859%26type%3Dpdf%26dl%3DGUIDE%26dl%3DACM%26CFID%3D11111111%26CFTOKEN%3D2222222,325,45737,325_45737
conf/sigmod/GotoK03,url:http://portal.acm.org/ft_gateway.cfm%3Fid%3D872837%26type%3Dpdf%26dl%3Dportal%26dl%3DACM%26CFID%3D11111111%26CFTOKEN%3D2222222,333,56094,333_56094
journals/sigmod/Bussche00,CER66z1lh0MJ,334,38464,334_38464
conf/sigmod/PadmanabhanBMCH03,wI75uFSs0bwJ,335,17260,335_17260
journals/sigmod/TheodoridisN00,cFT1eKkgrikJ,336,18823,336_18823
journals/sigmod/Halevy00,czgyMu7SHcgJ,337,53325,337_53325
conf/sigmod/KriegelBKPS03,tsqBH6P4jMcJ,338,23606,338_23606
journals/sigmod/RashidS00,e0GH54HirssJ,339,44136,339_44136
conf/sigmod/ChaudhuriKN03,ES6QyfgebIcJ,341,37781,341_37781
journals/sigmod/Jhingran00,lrGge6mTVckJ,342,16669,342_16669
conf/sigmod/KimC03,BWV2Oys1VXsJ,344,33084,344_33084
journals/sigmod/HasselbringHHKRRS00,X9PsaiaoDJ4J,352,24338,352_24338
conf/sigmod/GangulyGR03,Di-EjDZ_abYJ,353,17022,353_17022
journals/sigmod/YuenCLL00,Ip82P4QfKyEJ,355,31360,355_31360
conf/sigmod/ChaudhuriGGM03,H5IdN0_MQw4J,356,37106,356_37106
conf/sigmod/KementsietsidisAM03,vO7aBWspoyMJ,357,3194,357_3194
journals/sigmod/BernsteinHP00,FFzJxlpy6TsJ,358,3673,358_3673
conf/sigmod/StoltePAG03,9WTNlminW6AJ,359,5547,359_5547
conf/sigmod/GuptaS03,6ditJPVnXAQJ,361,35223,361_35223
journals/sigmod/BoscMP01,url:http://portal.acm.org/ft_gateway.cfm%3Fid%3D373708%26type%3Dpdf%26dl%3DGUIDE%26dl%3DACM%26CFID%3D11111111%26CFTOKEN%3D2222222,363,51534,363_51534
conf/sigmod/PengC03,4Zlh-TEx9m4J,364,42365,364_42365
conf/sigmod/ZhangZPTL03,S3lELcdpzTkJ,365,53038,365_53038
conf/sigmod/MaddenFHH03,qz24tfFNHuoJ,368,21321,368_21321
conf/sigmod/MinPC03,JjrRZt4ONqMJ,369,42319,369_42319
journals/sigmod/BertinoEH01,Rba70P6SqQYJ,370,33915,370_33915
journals/sigmod/FengJH01,SUT-QTwqFNkJ,372,57526,372_57526
conf/sigmod/Dyreson03,l7KC1qG6OGEJ,373,1430,373_1430
journals/sigmod/Critchlow01,wuQbvQAcACsJ,375,56982,375_56982
conf/sigmod/ZhuS03,hIGjgc6mx0cJ,376,11354,376_11354
conf/sigmod/MelnikRB03,wfjeWtEY2NcJ,378,22343,378_22343
conf/sigmod/KangN03,ABztkd0E9lUJ,379,33713,379_33713
journals/sigmod/Aggarwal01,OE8gpNwz8MkJ,380,19867,380_19867
conf/sigmod/HeC03,MNmlxFx4l-8J,381,38534,381_38534
conf/sigmod/CohenM03,bQv5hYB-JIEJ,383,63184,383_63184
journals/sigmod/PuSW01,nkW4iN6JqfAJ,384,33212,384_33212
journals/sigmod/MeltzerC98,77mq-gn4LiAJ,390,35294,390_35294
conf/sigmod/ChungMS02,UmPir9n5JloJ,391,34289,391_34289
journals/sigmod/BichlerSZ98,fQNdA5cjapAJ,392,21996,392_21996
conf/sigmod/Grust02,-3LAxRNpDJIJ,393,29692,393_29692
conf/sigmod/ZadorozhnyRVUB02,xmE1380_4E4J,395,6462,395_6462
journals/sigmod/EisenbergM98a,AatoNnELw78J,396,39144,396_39144
journals/sigmod/Ritter98,mzqmEYGGT_IJ,397,44153,397_44153
conf/sigmod/OlstonW02,pBKI-JCAlcIJ,398,2288,398_2288
conf/sigmod/MaddenSHR02,7n7LvbccBZoJ,400,25071,400_25071
journals/sigmod/BollKB98,IBg3vuolFUwJ,402,44721,402_44721
journals/sigmod/ReichB98,HzOZXA_VJk8J,403,32708,403_32708
conf/sigmod/RiedewaldAA02,nQvBo5KHITYJ,404,61320,404_61320
journals/sigmod/JenningsNF98,YiZVv5kVDb4J,406,49414,406_49414
conf/sigmod/Chamberlin03,lEqiau26hxoJ,407,17106,407_17106
journals/sigmod/DogacDATKCD98,vG5FK8BJkZgJ,408,53688,408_53688
journals/sigmod/Dogac98,YG9Js5mJbV0J,409,1086,409_1086
conf/sigmod/KoudasS03,url:http://portal.acm.org/ft_gateway.cfm%3Fid%3D872871%26type%3Dpdf%26dl%3Dportal%26dl%3DACM%26CFID%3D11111111%26CFTOKEN%3D2222222,412,60795,412_60795
conf/sigmod/KornMZ03,6VAQeD6muakJ,413,842,413_842
journals/sigmod/Domingo-FerrerH98,ajq2idLfpHMJ,414,57485,414_57485
conf/sigmod/SengarH03,7Mtanhr8EKoJ,416,49339,416_49339
conf/sigmod/ZhuSZ03,7VSlB0yIt3YJ,420,46489,420_46489
journals/sigmod/NascimentoM99,url:http://portal.acm.org/ft_gateway.cfm%3Fid%3D310062%26type%3Dpdf%26dl%3DGUIDE%26dl%3DACM%26CFID%3D11111111%26CFTOKEN%3D2222222,422,37354,422_37354
journals/sigmod/RoantreeMH99,url:http://portal.acm.org/ft_gateway.cfm%3Fid%3D310066%26type%3Dpdf%26dl%3DGUIDE%26dl%3DACM%26CFID%3D11111111%26CFTOKEN%3D2222222,424,60861,424_60861
conf/sigmod/ChoALS03,MAdjH9lCsysJ,425,5180,425_5180
journals/sigmod/Danish98,mKZyoPZArGcJ,427,44894,427_44894
conf/sigmod/ZhouWGGZWXYF03,AwFxLUGiceUJ,428,8432,428_8432
journals/sigmod/CareyS99,url:http://portal.acm.org/ft_gateway.cfm%3Fid%3D310071%26type%3Dpdf%26dl%3DGUIDE%26dl%3DACM%26CFID%3D11111111%26CFTOKEN%3D2222222,429,167,429_167
conf/sigmod/DeshpandeNGS03a,sfB17Fi4MZsJ,430,45192,430_45192
journals/sigmod/EisenbergM99,ciavnyh4U8UJ,431,16648,431_16648
journals/sigmod/Mackay99,tzUxfh8dD9sJ,433,46619,433_46619
conf/sigmod/Amer-YahiaFSX03,7-b5YXuGJS0J,434,17300,434_17300
journals/sigmod/ForteHWDCVHFS99,7ML1mmPqIooJ,436,15808,436_15808
journals/sigmod/BergamaschiCV99,4C9A2HGs4qsJ,442,39336,442_39336
journals/sigmod/SmithO99, ,445,3332,445_3332
conf/sigmod/LakshmananPZ03a,4sJ3mLPGGVQJ,447,37621,447_37621
journals/sigmod/Hampapur99,I-r1LE1najAJ,448,7533,448_7533
journals/sigmod/SycaraKWL99,YgouJdrCoZQJ,450,19730,450_19730
conf/sigmod/ShashaB02a,DEl2TsijDYEJ,451,27995,451_27995
journals/sigmod/PapazoglouH99,WbsAK4ZE17YJ,452,27649,452_27649
conf/sigmod/ViglasN02,2aeb_pBP7lcJ,454,18746,454_18746
journals/sigmod/FowlerPNB99,VgTAaMMYkvAJ,456,11521,456_11521
journals/sigmod/KuanL99,lkrtCULVA6oJ,457,59599,457_59599
conf/sigmod/HinneburgKW02,VWd7jhLXfV0J,458,56738,458_56738
journals/sigmod/CeriFP99,zCbDZVfxWhAJ,459,45995,459_45995
conf/sigmod/PhanN02,LLIkm2GMqakJ,460,42874,460_42874
conf/sigmod/Bonnet02,bqyt1789jJ8J,462,6026,462_6026
journals/sigmod/GruenwaldBDGSSV99,ihljCMaS2UsJ,465,5720,465_5720
journals/sigmod/DomenigD99,S6TMGRGUq1IJ,467,15222,467_15222
conf/sigmod/MaddenH02,NXakCefUcdUJ,468,57438,468_57438
conf/sigmod/HanWDPW02,nwWpGh3Mx7MJ,472,32496,472_32496
conf/sigmod/KarbhariRXD02,TZsVVmiiHqEJ,473,38393,473_38393
conf/sigmod/AltinelLKMPLWB02,zzg3KI_fyyIJ,475,62940,475_62940
journals/sigmod/BernsteinDK99,ne7WhiSL9QYJ,476,17699,476_17699
conf/sigmod/FungSG02,_H4-ZecAsp0J,477,54128,477_54128
conf/sigmod/DogacTPPLKTK02,wi8177RdPBYJ,481,44194,481_44194
conf/sigmod/BumbulisB02,Ev27auQiecUJ,483,60801,483_60801
conf/sigmod/Weininger02,iXkSngvyu08J,485,62100,485_62100
journals/sigmod/ConradHHKRSS99,nmEhI0tiWGAJ,486,44261,486_44261
conf/sigmod/RaoZML02,7Ucs6vmjHN0J,488,11308,488_11308
journals/sigmod/BoulosO99,yzbCsw2erkcJ,489,12460,489_12460
conf/sigmod/SismanisDRK02,Y21HA44xuQ4J,492,7995,492_7995
journals/sigmod/RamDD99,uA-E1lBgLe0J,493,38769,493_38769
conf/sigmod/ChaudhuriGN02,KrfR8djb3C8J,494,23638,494_23638
journals/sigmod/PapianiWDN99,HxmnEeCigX8J,495,59280,495_59280
conf/sigmod/BhattacharyaMBNHS02,tsQbSCfQTooJ,496,35638,496_35638
journals/sigmod/Etzion99,aDxXrqrMy9IJ,497,26778,497_26778
conf/sigmod/MoonWH02,rlfxeE4k2p4J,498,18119,498_18119
conf/sigmod/WangWYY02,DRp1iFn7znkJ,499,57718,499_57718
journals/sigmod/HansonN99,b5uRDGKYrcMJ,500,17490,500_17490
journals/sigmod/Libkin99,zSO1Y5W7WkwJ,501,31189,501_31189
conf/sigmod/ThaperGIK02,sbFGKHjg-TcJ,503,13487,503_13487
conf/sigmod/BrunoC02,KAf2DUUVabIJ,505,29630,505_29630
journals/sigmod/Abiteboul99,J_7kZS39msAJ,506,62245,506_62245
conf/sigmod/Ramanan02,VGe-IBWyMm4J,507,59315,507_59315
journals/sigmod/MusickC99,mA4kKq9Z3tYJ,510,10204,510_10204
conf/sigmod/GaoW02,PZTESZecfnQJ,511,46903,511_46903
journals/sigmod/EisenbergM99a,e3s4OFTeBqwJ,512,2107,512_2107
journals/sigmod/McHughW97,dAnyGPqToQEJ,514,21834,514_21834
journals/sigmod/AtzeniMM97,Hdq-Mlh3fcMJ,515,12869,515_12869
conf/sigmod/DobraGGR02,v7A9Otp7OjsJ,516,57628,516_57628
conf/sigmod/ZhouR02, ,519,59155,519_59155
journals/sigmod/NestorovAM97,NVS_rDpScp0J,520,50884,520_50884
conf/sigmod/FreireHRRS02,1p-q7eofLWIJ,522,6171,522_6171
journals/sigmod/NadoH97,yN9f4dSKC9QJ,523,18622,523_18622
conf/sigmod/LiGS02,DZzqgw2TJ-MJ,524,2419,524_2419
journals/sigmod/AshishK97,rWfbcLnj7_YJ,525,35583,525_35583
conf/sigmod/TatarinovVBSSZ02,0HlMHEPJRH4J,526,47496,526_47496
conf/sigmod/PapakonstantinouPV02,5XmfwqNDii8J,527,32587,527_32587
conf/sigmod/DasuJMS02,POt1WbTBB4cJ,530,9640,530_9640
journals/sigmod/GrayG97,fFCqy9V5XNgJ,531,3293,531_3293
conf/sigmod/GillmannWW02,idT5wOZXM-wJ,532,3756,532_3756
conf/sigmod/GuhaJKSY02,z6l0wfs32iYJ,533,53835,533_53835
journals/sigmod/DadamK97,9Ai_9dZChG4J,535,16198,535_16198
conf/sigmod/RamanH02,F0T3KimkbGcJ,536,33905,536_33905
conf/sigmod/TaoP02,fDWfHiQ6BR4J,537,25812,537_25812
journals/sigmod/ConradEHRSSSV97,SBnqbyQF3SoJ,538,63163,538_63163
conf/sigmod/BrunoKS02,GahdNMZNCWgJ,539,6494,539_6494
journals/sigmod/McClatcheyV97,url:http://portal.acm.org/ft_gateway.cfm%3Fid%3D271087%26type%3Dpdf%26dl%3DGUIDE%26dl%3DACM%26CFID%3D11111111%26CFTOKEN%3D2222222,540,41707,540_41707
conf/sigmod/PolyzotisG02,obfTDYVJb4gJ,541,37953,541_37953
journals/sigmod/GuptaHR97,YSgaDQ95dfEJ,543,7998,543_7998
conf/sigmod/ChangH02,4zxRX5K-YSsJ,544,29994,544_29994
conf/sigmod/YangWYH02,xsaovu54vl4J,546,62330,546_62330
journals/sigmod/BarbaraS97,Iw5bYR098o4J,547,20133,547_20133
conf/sigmod/ChoiC02,D8a4umAppIcJ,548,37987,548_37987
journals/sigmod/ClementLGMK97,J7Y20fYLGbcJ,549,39486,549_39486
conf/sigmod/GarofalakisG02,6EaC2CmjsmAJ,550,9541,550_9541
conf/sigmod/JosifovskiSHL02,xA9KNostV4cJ,551,49150,551_49150
journals/sigmod/RamamrithamS97,HR-yLNuhtl4J,552,19156,552_19156
journals/sigmod/FernandezFLS97,9NlVdFCl2ysJ,554,18836,554_18836
journals/sigmod/HadzilacosT97,a8YsBAmwFjoJ,555,62875,555_62875
conf/sigmod/SzalayGTKMRSv02,1tKWKmyczaYJ,556,13335,556_13335
conf/sigmod/PossSKL02,c3QptREmhgAJ,557,30180,557_30180
journals/sigmod/JukicV97,yZbJS0Cd6cAJ,558,50164,558_50164
journals/sigmod/SilberschatzZ97,7JRwRy6VapMJ,559,10467,559_10467
conf/sigmod/AntonJLPZZ02,89P3EdEDuOEJ,561,37888,561_37888
journals/sigmod/Fong97,rgJU30QjbhkJ,562,1034,562_1034
journals/sigmod/RamanathanH97,EID4UO0Kv04J,563,18907,563_18907
conf/sigmod/LuoKMPWLN02,zQfzn1t6Xq8J,564,48428,564_48428
conf/sigmod/MarklL02,b7IXEwTLIHAJ,565,6150,565_6150
journals/sigmod/ChaudhuriD97,oXTd748VmwMJ,566,30046,566_30046
conf/sigmod/ZhangMCMR02,rvZQMrCOQ1MJ,567,15756,567_15756
conf/sigmod/TheobaldW02,w5_HkketH-wJ,569,18324,569_18324
journals/sigmod/McHughAGQW97,qKb2ZxD1IsYJ,570,15436,570_15436
journals/sigmod/FrewD97,5jMT1PENhSIJ,574,7924,574_7924
conf/sigmod/RundensteinerWYD02,7MfXAAdBQ2EJ,577,2592,577_2592
journals/sigmod/ChangGKRS98,url:http://portal.acm.org/ft_gateway.cfm%3Fid%3D290607%26type%3Dpdf%26dl%3Dportal%26dl%3DACM%26CFID%3D11111111%26CFTOKEN%3D2222222,581,53127,581_53127
conf/sigmod/FlorescuGKR02,uam2rv99rxsJ,582,27818,582_27818
conf/sigmod/CrescenziMM02,pI0WktymowwJ,583,13296,583_13296
journals/sigmod/FlorescuLM98,_SR_pRTnA6IJ,584,29830,584_29830
journals/sigmod/KeetonPH98,6MtRlhEClPEJ,585,37298,585_37298
conf/sigmod/Bussler02,url:http://portal.acm.org/ft_gateway.cfm%3Fid%3D564801%26type%3Dpdf%26dl%3DGUIDE%26dl%3DACM%26CFID%3D11111111%26CFTOKEN%3D2222222,586,53150,586_53150
journals/sigmod/Lomet98,xLM0YVcccUgJ,588,6108,588_6108
journals/sigmod/GriffinK98,Qvl2bcDAyqEJ,589,13297,589_13297
journals/sigmod/CheungF98,ig7B9agTOMAJ,591,54126,591_54126
conf/sigmod/Cotton02,url:http://portal.acm.org/ft_gateway.cfm%3Fid%3D564792%26type%3Dpdf,592,57124,592_57124
journals/sigmod/TsotrasJS98,f3-E7x12K4gJ,594,31831,594_31831
journals/sigmod/BurtonM98,LOXd8JPfhpwJ,595,11440,595_11440
conf/sigmod/ChaudhuriDN01,qfohkpyTawoJ,597,52570,597_52570
conf/sigmod/SlivinskasJS01,oAVbM_vepr8J,599,60994,599_60994
journals/sigmod/LometBCLN98,url:http://portal.acm.org/ft_gateway.cfm%3Fid%3D290608%26type%3Dpdf%26dl%3DGUIDE%26dl%3DACM%26CFID%3D11111111%26CFTOKEN%3D2222222,600,28323,600_28323
conf/sigmod/BohmBKK01,C4XcBh6anhAJ,602,60565,602_60565
conf/sigmod/ChenZCKR01,q49c-IEX7N8J,603,45452,603_45452
journals/sigmod/KappelR98,tbZ0J3HLI18J,604,32502,604_32502
conf/sigmod/NazeriBO01,2E9I_lugGC4J,605,9478,605_9478
journals/sigmod/BorgidaCS98,url:http://portal.acm.org/ft_gateway.cfm%3Fid%3D290595%26type%3Dpdf%26dl%3DGUIDE%26dl%3DACM%26CFID%3D11111111%26CFTOKEN%3D2222222,607,1046,607_1046
conf/sigmod/JagadishJOT01,OM7n6h8R8CoJ,608,28951,608_28951
journals/sigmod/GatziuKBF98,YERfAnxw2RcJ,609,26234,609_26234
conf/sigmod/LeeWMS01,OFXL5KsJiWcJ,610,10869,610_10869
journals/sigmod/KuokFW98,3oLpUbHFATsJ,612,52984,612_52984
conf/sigmod/DattaDRTV01,qK-N8yVLSWUJ,613,1807,613_1807
journals/sigmod/Seshadri98,_nIg_hi8PAAJ,614,63668,614_63668
journals/sigmod/Roussopoulos98,GfjHZswtM0EJ,615,55314,615_55314
journals/sigmod/Chaudhri98,url:http://portal.acm.org/ft_gateway.cfm%3Fid%3D273247%26type%3Dpdf%26dl%3DGUIDE%26dl%3DACM%26CFID%3D11111111%26CFTOKEN%3D2222222,617,39968,617_39968
conf/sigmod/FernandezMS01,JYYcPQLrBw8J,618,60336,618_60336
journals/sigmod/MusickM98,gt83e4uB09wJ,620,36908,620_36908
conf/sigmod/KiesslingHFE01,DQKMCTskI-MJ,621,43800,621_43800
conf/sigmod/YanMHF01,8hRWaIVZ2ykJ,624,45610,624_45610
journals/sigmod/Han98,Y0GdVVrbzfQJ,625,30666,625_30666
conf/sigmod/HanPDW01,ue3gCyIirokJ,626,51606,626_51606
conf/sigmod/Maguire01,url:http://portal.acm.org/ft_gateway.cfm%3Fid%3D375742%26type%3Dpdf%26dl%3DGUIDE%26dl%3DACM%26CFID%3D11111111%26CFTOKEN%3D2222222,627,25758,627_25758
journals/sigmod/Rosenthal98,ZMMeRrWUlOoJ,629,39499,629_39499
conf/sigmod/BorkarDS01,8zFEVer1rBUJ,630,21607,630_21607
journals/sigmod/Bernstein98,AYEI8XDoY9wJ,632,2882,632_2882
journals/sigmod/KoksalAD98,enYoi4XT7n0J,633,57867,633_57867
conf/sigmod/OlstonWL01,I_YprPVQ45QJ,634,54299,634_54299
journals/sigmod/Manola98,VIjfH9f94xkJ,635,52686,635_52686
conf/sigmod/LahiriG01,2eJIgKjsQF4J,636,58686,636_58686
journals/sigmod/Snodgrass98a,uPBlQ76s_g4J,637,39333,637_39333
conf/sigmod/GodfreyGXZ01,LNnvt5TpBhkJ,638,17907,638_17907
journals/sigmod/ChangASS98,CPzROuDNZqgJ,640,63016,640_63016
conf/sigmod/ButtlerLPP01,8TcpKdIK1r0J,641,42566,641_42566
journals/sigmod/ACT-NET96,RzsJoG-0KaIJ,642,9272,642_9272
journals/sigmod/BrunieK96,spI2g7jFHuYJ,643,52538,643_52538
conf/sigmod/AfratiLU01,k7zpSukSfYsJ,644,31391,644_31391
conf/sigmod/Smith01,WfKk1v3VamgJ,645,24953,645_24953
conf/sigmod/LangS01,FFQc9XpGFRsJ,647,38478,647_38478
journals/sigmod/NormanZT96,rPFgPOAANuQJ,648,21678,648_21678
journals/sigmod/BestavrosLS96,RalvsjDuKzsJ,649,5632,649_5632
conf/sigmod/Meseck01,hWiIngXs5I0J,650,56182,650_56182
journals/sigmod/HasanFV96,m2CCumFeAWgJ,652,43259,652_43259
conf/sigmod/StonebrakerH01,opMsehfY-XoJ,653,14937,653_14937
journals/sigmod/BilirisP96,fu9j50Kk4Y4J,656,1397,656_1397
conf/sigmod/HaasH01,tHEP1S1typgJ,658,57828,658_57828
journals/sigmod/Colliat96,y0HXub5QzkYJ,659,2860,659_2860
conf/sigmod/Bussler01,UYIeOe280OwJ,662,23522,662_23522
journals/sigmod/Qian96a,url:http://portal.acm.org/ft_gateway.cfm%3Fid%3D234903%26type%3Dpdf%26dl%3DGUIDE%26dl%3DACM%26CFID%3D11111111%26CFTOKEN%3D2222222,663,46783,663_46783
conf/sigmod/GoldsteinL01,xufwWHmOf6IJ,664,31971,664_31971
journals/sigmod/UlusoyB96,LclVYrb7vJoJ,665,33016,665_33016
conf/sigmod/TatarinovIHW01,jfkafZcMjgIJ,668,32747,668_32747
conf/sigmod/MistryRSR01,r62IMncHe0IJ,669,56345,669_56345
journals/sigmod/AndlerHEMBE96,oNYOKYvjoKgJ,670,11194,670_11194
conf/sigmod/AgichteinGV01,GDoFPiEzEhQJ,673,38346,673_38346
journals/sigmod/SilberschatzSU96,soiN2U4tXykJ,674,7507,674_7507
conf/sigmod/KimCK01,EYI-OULRIz8J,675,33960,675_33960
journals/sigmod/PhatakSSS96,url:http://portal.acm.org/ft_gateway.cfm%3Fid%3D381897%26type%3Dpdf%26dl%3Dportal%26dl%3DACM%26CFID%3D11111111%26CFTOKEN%3D2222222,676,30709,676_30709
journals/sigmod/RamamrithamSSTX96,kezAM71rts0J,677,3707,677_3707
journals/sigmod/SonDT96,62uEWBKYqgoJ,683,61843,683_61843
conf/sigmod/LamCKNH01,8hdQohffF48J,684,61943,684_61943
journals/sigmod/AdelbergKG96,GfiQygac5twJ,685,55397,685_55397
conf/sigmod/GreenwaldK01,8but_7FuryIJ,686,49552,686_49552
conf/sigmod/DraperHW01,6MdiqTp20aoJ,687,42481,687_42481
conf/sigmod/Galindo-LegariaJ01,BSlaDX5r0HQJ,689,21813,689_21813
journals/sigmod/BerndtssonH96,8Dj_i69XP60J,690,12091,690_12091
conf/sigmod/DeshpandeGR01,knAoAIpo7hYJ,691,23234,691_23234
journals/sigmod/Baeza-YatesN96,cvchvz9-m_oJ,692,12320,692_12320
journals/sigmod/FreemanG96,Em3qp7RGalkJ,693,52067,693_52067
conf/sigmod/LazaridisM01,IvMJ4bK708kJ,694,38108,694_38108
journals/sigmod/Wade96,AYtrcxExrbkJ,695,13312,695_13312
conf/sigmod/BrunoCG01,8KJ9XFv1ESAJ,696,50970,696_50970
journals/sigmod/UrbanDG96,url:http://portal.acm.org/ft_gateway.cfm%3Fid%3D381892%26type%3Dpdf%26dl%3DGUIDE%26dl%3DACM%26CFID%3D11111111%26CFTOKEN%3D2222222,697,7529,697_7529
journals/sigmod/Gaffney96,uaT2hY6421UJ,699,3607,699_3607
conf/sigmod/KalnisP01, ,700,51025,700_51025
conf/sigmod/YuMWL01,h95306-8rjEJ,702,55135,702_55135
journals/sigmod/Qian96,NiswbODuzhAJ,703,7203,703_7203
conf/sigmod/ChenGK01,8OgkUeiawO0J,704,12243,704_12243
journals/sigmod/KramerNKRLKLZ97,1sBvG9OXpMAJ,705,32765,705_32765
journals/sigmod/TomasicS97, ,707,24291,707_24291
conf/sigmod/WynblattN01,PVUtZWBcxlAJ,708,10951,708_10951
journals/sigmod/AbelTK97,yK-yqVAiXekJ,709,52852,709_52852
conf/sigmod/AggarwalY01,QkTd5WogN-AJ,710,55419,710_55419
journals/sigmod/KaradimitriouT97,SrCBkHnIFL8J,713,14794,713_14794
conf/sigmod/ZhangNDLL01,ryaV3kTsJ2IJ,714,63387,714_63387
conf/sigmod/ChenGM01,IuyDb53VoG0J,715,31247,715_31247
journals/sigmod/BunemanRU97,5qg4BNiroqMJ,716,45317,716_45317
conf/sigmod/AgrawalCN01,2Ua-pWTof_YJ,717,23192,717_23192
journals/sigmod/Gardels97,PlitMluIJyYJ,718,37426,718_37426
journals/sigmod/RiekertMW97,M-3MGd3wPcsJ,719,17021,719_17021
conf/sigmod/GetoorTK01,99N4rXNdaqMJ,722,59824,722_59824
conf/sigmod/HristidisKP01,mg9ABNG06O4J,724,50021,724_50021
conf/sigmod/IpeirotisGS01,bo7ArXlXypQJ,728,38272,728_38272
journals/sigmod/AtkinsonDJPS96,JHVWab3P4zIJ,730,1267,730_1267
conf/sigmod/DoanDH01,Lv0bggWzgeoJ,731,27002,731_27002
conf/sigmod/KeoghCMP01,QTzuiNlMnR4J,733,10942,733_10942
journals/sigmod/HasanMV96,bLbjFFkQJdIJ,734,32101,734_32101
journals/sigmod/KennedyMB96,vBYtmDEYeK0J,735,29239,735_29239
conf/sigmod/GunopulosD01,oYtmj53qV0UJ,736,22548,736_22548
conf/sigmod/BabyCY01,rNoNn5hWsroJ,737,56247,737_56247
journals/sigmod/RafanelliBT96,MfWZUBAVPFUJ,738,42135,738_42135
conf/sigmod/CasatiS01,7H9j9z0x_3UJ,739,59103,739_59103
journals/sigmod/CatarciC96,url:http://portal.acm.org/ft_gateway.cfm%3Fid%3D245888%26type%3Dpdf%26dl%3DGUIDE%26dl%3DACM%26CFID%3D11111111%26CFTOKEN%3D2222222,740,24470,740_24470
conf/sigmod/WhitneyS01,bZj9gl0_YUIJ,741,45812,741_45812
conf/sigmod/KriegelMPS01,tsPOU-H3A94J,744,50904,744_50904
conf/sigmod/AdiBEY01,3jUi_Yf4DfIJ,745,25995,745_25995
journals/sigmod/Keim96,vkUvhZOw-1YJ,746,41139,746_41139
conf/sigmod/Amer-YahiaCLS01,DFubU20j1OIJ,747,30905,747_30905
journals/sigmod/SantucciT96,url:http://portal.acm.org/ft_gateway.cfm%3Fid%3D245898%26type%3Dpdf%26dl%3DGUIDE%26dl%3DACM%26CFID%3D11111111%26CFTOKEN%3D2222222,748,8113,748_8113
journals/sigmod/TaninBS96,KUB7XvwH30AJ,750,45264,750_45264
conf/sigmod/GehrkeKS01,f6JFkfhawW8J,751,14733,751_14733
journals/sigmod/Ahlberg96,4bBje8qkHVgJ,752,7056,752_7056
journals/sigmod/Eisenberg96,url:http://portal.acm.org/ft_gateway.cfm%3Fid%3D245907%26type%3Dpdf%26coll%3DGUIDE%26dl%3DACM%26CFID%3D11111111%26CFTOKEN%3D2222222,753,44500,753_44500
conf/sigmod/AggarwalY00,dfSPs7YoyWsJ,754,39087,754_39087
journals/sigmod/Bhashyam96,url:http://portal.acm.org/ft_gateway.cfm%3Fid%3D245908%26type%3Dpdf%26dl%3DGUIDE%26dl%3DACM%26CFID%3D11111111%26CFTOKEN%3D2222222,755,31562,755_31562
conf/sigmod/Lomet00,FiPJDs_jm54J,757,12783,757_12783
journals/sigmod/ShethGJRSWW96,HOvgrl8NmmoJ,758,10978,758_10978
journals/sigmod/Sidell96,url:http://portal.acm.org/ft_gateway.cfm%3Fid%3D245906%26type%3Dpdf%26dl%3DGUIDE%26dl%3DACM%26CFID%3D11111111%26CFTOKEN%3D2222222,759,39375,759_39375
conf/sigmod/LabioWGG00,EhR3fz7f7vcJ,760,7930,760_7930
conf/sigmod/CatarciS01,frbExwv4DiwJ,762,22895,762_22895
journals/sigmod/ZobelMR96,6NbNX8nSta0J,763,32491,763_32491
conf/sigmod/ChangC01,BGagLieYacQJ,764,25642,764_25642
journals/sigmod/Qian96b,url:http://portal.acm.org/ft_gateway.cfm%3Fid%3D245909%26type%3Dpdf%26dl%3DGUIDE%26dl%3DACM%26CFID%3D11111111%26CFTOKEN%3D2222222,766,3401,766_3401
conf/sigmod/NguyenACP01,VCiXh8qcrIMJ,767,2154,767_2154
conf/sigmod/ChoSG00,ilJdCU_qODkJ,769,26435,769_26435
journals/sigmod/MedskerCS95,url:http://portal.acm.org/ft_gateway.cfm%3Fid%3D202673%26type%3Dpdf%26coll%3DGUIDE%26dl%3DACM%26CFID%3D11111111%26CFTOKEN%3D2222222,770,58420,770_58420
conf/sigmod/RamaswamyRS00,VJIHPbki2uAJ,773,38418,773_38418
journals/sigmod/DogacAOD95,oUOuTMrB0esJ,774,4430,774_4430
conf/sigmod/SzalayGKT00,5Q_6HLwZ2YIJ,776,25689,776_25689
conf/sigmod/GunopulosKTD00,ASfROcKWFmgJ,777,16167,777_16167
journals/sigmod/Hanna95,EKqpEdn3kDMJ,778,30918,778_30918
journals/sigmod/Chaudhri95,DY6x1fDAy9EJ,779,14911,779_14911
conf/sigmod/AcharyaGP00,WGWZ2cNZW2YJ,780,2313,780_2313
conf/sigmod/WaasG00,xnoCdNeQykAJ,781,56174,781_56174
conf/sigmod/ZaharioudakisCLPU00,qzxeS4RQAhwJ,785,51249,785_51249
journals/sigmod/YanG95,tMXkkRDxvkQJ,786,51043,786_51043
journals/sigmod/Qian95a,url:http://portal.acm.org/ft_gateway.cfm%3Fid%3D212022%26type%3Dpdf%26dl%3DGUIDE%26dl%3DACM%26CFID%3D11111111%26CFTOKEN%3D2222222,787,9337,787_9337
conf/sigmod/CorralMTV00,TsShfxPwF6YJ,788,49282,788_49282
conf/sigmod/RoySSB00,OZHS88jHgDkJ,789,30444,789_30444
journals/sigmod/Zhang95,f86VsMJZ9gAJ,791,1970,791_1970
conf/sigmod/HellersteinA00,ZuCOw9hYVU8J,792,2558,792_2558
journals/sigmod/KokkotosIPS95, ,795,38762,795_38762
conf/sigmod/AgrawalW00,wivJNEQEWzMJ,796,43199,796_43199
journals/sigmod/DogacDKOONEHAKKM95,UAO4T_2ylPkJ,799,60152,799_60152
conf/sigmod/GillmannWSWW00,L61_1TEGBLYJ,804,23914,804_23914
journals/sigmod/JainH94,iQMUP3fkvo4J,806,7347,806_7347
journals/sigmod/BohmR94,GXApzwcGl78J,807,12482,807_12482
conf/sigmod/RiedelFGN00,ospJVA6AD1sJ,809,30373,809_30373
journals/sigmod/ShinM94,hnpTcGMYR80J,810,52266,810_52266
journals/sigmod/Bertram94,qaSgL5tVq1AJ,812,27445,812_27445
conf/sigmod/ShenoyHSBBS00,SipDBj3SOb4J,815,23828,815_23828
journals/sigmod/KiyokiKH94,xT3mwY4t5kEJ,816,18128,816_18128
conf/sigmod/HsiaoN00,iY5wlS4jsg0J,818,30155,818_30155
conf/sigmod/Ross00,9sm_ptv5pmYJ,820,37871,820_37871
conf/sigmod/Jhingran00,uguuV9ATE1YJ,821,9575,821_9575
journals/sigmod/Jannink95,22yR9rN5xuQJ,826,41552,826_41552
conf/sigmod/WangSSZZW00,ryDHZM31rmwJ,828,15275,828_15275
conf/sigmod/JarkeQCLFLVV00,bl_VrPzIIPwJ,829,42592,829_42592
journals/sigmod/Jarke95,url:http://portal.acm.org/ft_gateway.cfm%3Fid%3D202671%26type%3Dpdf%26dl%3DGUIDE%26dl%3DACM%26CFID%3D11111111%26CFTOKEN%3D2222222,830,27452,830_27452
conf/sigmod/Galhardas00,GxDfgCi-rq4J,831,49533,831_49533
journals/sigmod/DarwenD95,DVnOcHunv7MJ,832,45143,832_45143
journals/sigmod/Qian95b,url:http://portal.acm.org/ft_gateway.cfm%3Fid%3D219772%26type%3Dpdf%26dl%3DGUIDE%26dl%3DACM%26CFID%3D11111111%26CFTOKEN%3D2222222,835,53540,835_53540
conf/sigmod/GoldmanW00,Ol886Ck3jz4J,836,46937,836_46937
journals/sigmod/EnglertGH95,JRXuKm3E_foJ,837,36238,837_36238
conf/sigmod/LeeKOTM00,C8RLbWKCgicJ,840,7380,840_7380
journals/sigmod/SegevJS95,2kiNfwTpqp4J,841,3813,841_3813
conf/sigmod/LabrinidisR00,DKUouEkK_b4J,842,20438,842_20438
conf/sigmod/ChenJDTW00,fg5EE6R7xYwJ,844,6367,844_6367
journals/sigmod/WolfsonSDNR95,R51Yi7sWJ6EJ,845,51087,845_51087
conf/sigmod/BarclaySG00,7br3WXwZRQ4J,846,30435,846_30435
journals/sigmod/AlonsoCIM95,5LlePa4wQmEJ,848,9643,848_9643
journals/sigmod/DunhamH95a,CiumYR8Q4WcJ,850,36558,850_36558
journals/sigmod/ElmagarmidJF95,CJK2SWLYrRYJ,851,62820,851_62820
journals/sigmod/DrewHKKLLLSW95,9fcJjh5vHn8J,853,405,853_405
conf/sigmod/BreunigKNS00,vezxTIGxNywJ,854,13538,854_13538
conf/sigmod/ChoG00,s7K6rICx3fkJ,855,62212,855_62212
journals/sigmod/BhargavaAP95,Sql66UDiVnwJ,857,15919,857_15919
conf/sigmod/KornM00,HlhXdvHzlvwJ,859,33038,859_33038
journals/sigmod/Ulusoy95,uMYecZGSCv4J,860,26179,860_26179
conf/sigmod/LiefkeS00,SvVh9QQcgDwJ,861,25835,861_25835
journals/sigmod/NobleS95,Xh4z_InAi4AJ,863,25579,863_25579
conf/sigmod/GarofalakisGRSS00,5uvR4kU1UOoJ,864,10093,864_10093
journals/sigmod/Fong95,zw3-t-veNvAJ,865,26104,865_26104
journals/sigmod/ONeilG95,RlH2shMtkfwJ,868,42196,868_42196
conf/sigmod/OrdonezC00,yWkfJz_YMPkJ,872,16338,872_16338
conf/sigmod/BlakeleyD00,ZSR-MThg9UEJ,873,46116,873_46116
journals/sigmod/Richey95,2p2A5_qGf5cJ,874,21799,874_21799
journals/sigmod/RosenthalSMBTL95, ,875,5252,875_5252
conf/sigmod/Gal00,i6QOOOYvOqQJ,876,50275,876_50275
conf/sigmod/BratsbergT00,url:http://portal.acm.org/ft_gateway.cfm%3Fid%3D335477%26type%3Dpdf%26coll%3DGUIDE%26dl%3DACM%26CFID%3D11111111%26CFTOKEN%3D2222222,877,50038,877_50038
journals/sigmod/PitouraB95,KlM6IrItVpcJ,879,63473,879_63473
conf/sigmod/Carey00,x6n6Ev8WnhEJ,880,62835,880_62835
journals/sigmod/Wong95,7F9iCGggYVgJ,882,33505,882_33505
conf/sigmod/AgrawalS00,ufPUBsN4eg0J,884,29959,884_29959
journals/sigmod/DoanPK95,c0TSepqRwwMJ,885,23376,885_23376
conf/sigmod/ChangBCLLS00,bqtRaOoJ87AJ,888,59346,888_59346
conf/sigmod/PonnekantiK00,IddFq2o4ZsoJ,894,29491,894_29491
conf/sigmod/LehnerSPC00,UFKz6Q0wVi4J,896,45171,896_45171
conf/sigmod/BressanGOT00,url:http://portal.acm.org/ft_gateway.cfm%3Fid%3D336587%26type%3Dpdf%26dl%3DGUIDE%26dl%3DACM%26CFID%3D11111111%26CFTOKEN%3D2222222,898,49177,898_49177
journals/sigmod/Winslett94,url:http://portal.acm.org/ft_gateway.cfm%3Fid%3D181569%26type%3Dpdf,899,16706,899_16706
conf/sigmod/ReveszCKLLW00,qxShx7aNiuEJ,900,46235,900_46235
conf/sigmod/ChakrabartiM99,Jg81WYtxtZoJ,901,53259,901_53259
conf/sigmod/AggarwalPWYP99,G3dX_RTA26MJ,904,25422,904_25422
conf/sigmod/HsuLG00,kxIpDxLD46gJ,905,33708,905_33708
conf/sigmod/YangYW00,JQuwW88-2_0J,909,13410,909_13410
conf/sigmod/MerialdoAMMP00,Qq0WheHyVv8J,913,9649,913_9649
journals/sigmod/DreyerDS94,GCf11c7YuucJ,914,50102,914_50102
conf/sigmod/BerckenDS00,Dy5Eeh8JzmgJ,916,13422,916_13422
journals/sigmod/Snodgrass94,SYVDufoTe_IJ,917,3019,917_3019
journals/sigmod/PissinouSEMOPSTD94,fSKoYnVJbwwJ,920,24271,920_24271
conf/sigmod/ShuklaD00,07dT02YX07AJ,921,31047,921_31047
journals/sigmod/Loeffen94,gb-yIDOxaEkJ,923,59498,923_59498
journals/sigmod/NorrieBSW94,q6YVJJgD1uQJ,925,6759,925_6759
conf/sigmod/FegarasSRM00,p1LusPTTxlAJ,926,23597,926_23597
journals/sigmod/Gallagher94,PVm9r7wHzDAJ,927,27278,927_27278
conf/sigmod/RundensteinerCCSO00,url:http://portal.acm.org/ft_gateway.cfm%3Fid%3D335496%26type%3Dpdf%26dl%3DGUIDE%26dl%3DACM%26CFID%3D11111111%26CFTOKEN%3D2222222,928,14351,928_14351
conf/sigmod/YerneniLGU99,hnMltY0uSf0J,929,63913,929_63913
conf/sigmod/Keim99,GBZiTCbChZQJ,931,47500,931_47500
conf/sigmod/DavulcuFKR99,TDyW6V4cc7MJ,933,55843,933_55843
conf/sigmod/CallanCD99,eWVreKOw_QgJ,936,58501,936_58501
conf/sigmod/BeyerR99,6Cdfxiuibd0J,937,14480,937_14480
conf/sigmod/MayrS99,1lRZz4bZvxEJ,939,19681,939_19681
conf/sigmod/AggarwalWY99,s9hhR-EdDGgJ,941,46282,941_46282
conf/sigmod/KotidisR99,qzjtGDo7OuMJ,944,1756,944_1756
conf/sigmod/IvesFFLW99,yrnhcMqsUVoJ,949,19642,949_19642
conf/sigmod/BlohsfeldKS99,PQbi3PaRh84J,951,29366,951_29366
conf/sigmod/Jamil99,z5EfiutEfScJ,953,18955,953_18955
conf/sigmod/ShanmugasundaramNSR99,eQjFv7QxsQQJ,956,6965,956_6965
conf/sigmod/GehrkeGRL99,s3neqsFCVrAJ,958,29072,958_29072
conf/sigmod/AdaliSS99,bhWLVCoDuNQJ,959,12405,959_12405
conf/sigmod/CruzJ99,vXMwU21-7HMJ,962,60873,962_60873
conf/sigmod/MamoulisP99,z9MQwq7G3GYJ,964,32923,964_32923
conf/sigmod/NgLHM99,YemauUgIzlcJ,968,2881,968_2881
journals/sigmod/Datta94,PPH2NlobSwsJ,969,16538,969_16538
conf/sigmod/WolfsonSXZC99,vwdWTx0dk7QJ,970,31667,970_31667
conf/sigmod/BraumandlKK99,4fjXoCHhe1kJ,971,16696,971_16696
journals/sigmod/Klein94,kG86HB6N1xEJ,972,44330,972_44330
journals/sigmod/Chen94,url:http://portal.acm.org/ft_gateway.cfm%3Fid%3D187460%26type%3Dpdf%26coll%3DGUIDE%26dl%3DACM%26CFID%3D11111111%26CFTOKEN%3D2222222,973,50245,973_50245
conf/sigmod/LiuHBPT99,PKQ1dCQIwi0J,974,53253,974_53253
conf/sigmod/AltinelABFSZ99,ebmulQBhqZEJ,976,47236,976_47236
conf/sigmod/Greer99,oNPjyBZrURgJ,977,47013,977_47013
journals/sigmod/GlavitschSW94,IQjGtYPrUFUJ,978,40206,978_40206
journals/sigmod/ChenHKPW94,HTvxhMKB69AJ,979,62735,979_62735
conf/sigmod/TrisoliniLN99,cFMtMf7bLzIJ,980,6620,980_6620
journals/sigmod/AndersonS94,aDk2IS_xwToJ,981,21090,981_21090
journals/sigmod/GroskyFS94,zMK02pxd4OEJ,983,41633,983_41633
conf/sigmod/HinneburgK99,C9imFvgrSvAJ,986,21408,986_21408
conf/sigmod/KrishnamurthyBN99,qS4jhfgPbm8J,987,906,987_906
journals/sigmod/BarclayBGS94,wPhDoeiINQsJ,989,52051,989_52051
conf/sigmod/Mohan99,XppwYYxOpksJ,991,28174,991_28174
journals/sigmod/MattosD94,HhUCea7De6YJ,992,14729,992_14729
conf/sigmod/FlorescuLMS99,h0uuqAstOPUJ,993,10173,993_10173
conf/sigmod/HaasH99,fz1XAzoKPo0J,995,24035,995_24035
conf/sigmod/AcharyaGPR99a,IkNOhDqEY18J,997,2958,997_2958
journals/sigmod/Yang94,sHJ914nPZtUJ,998,56170,998_56170
conf/sigmod/ChaudhuriMN99,U0w9W7YcsZwJ,999,12049,999_12049
conf/sigmod/MankuRL99,X94gDE70Zn0J,1001,23819,1001_23819
journals/sigmod/Stonebraker94,url:http://portal.acm.org/citation.cfm%3Fid%3D181551,1003,19938,1003_19938
conf/sigmod/Wu99,oIDF-Jhm9CYJ,1004,38748,1004_38748
conf/sigmod/LeeKC99,c-5n9qQKLaEJ,1005,1991,1005_1991
journals/sigmod/MedeirosP94,chmPCuLihZoJ,1006,46560,1006_46560
conf/sigmod/AboulnagaC99,WWaxLMIptTMJ,1007,23554,1007_23554
journals/sigmod/BunemanLSTW94,lkreWUl_euYJ,1008,44272,1008_44272
journals/sigmod/Widom94,lAbG3uFZvVUJ,1009,48146,1009_48146
conf/sigmod/LakshmananNHP99,DfOLEzMoEaEJ,1010,37833,1010_37833
journals/sigmod/BarbaraBFLS94,sF4xdH31mDAJ,1011,21256,1011_21256
conf/sigmod/Hidber99,Rn-E82gM1RQJ,1012,53439,1012_53439
conf/sigmod/JagadishLMSV99,946iAs3adDcJ,1014,58828,1014_58828
journals/sigmod/YeungHL94,yQv94p3tE1IJ,1015,35670,1015_35670
conf/sigmod/BreitbartKRSS99,XV2lpkhWCsYJ,1016,35978,1016_35978
conf/sigmod/LometT99,JvZ9JWtn72QJ,1017,8319,1017_8319
journals/sigmod/Qian94,url:http://portal.acm.org/ft_gateway.cfm%3Fid%3D187462%26type%3Dpdf%26coll%3DGUIDE%26dl%3DACM%26CFID%3D11111111%26CFTOKEN%3D2222222,1019,10357,1019_10357
conf/sigmod/AnkerstBKS99,Hj3vyh0TJVsJ,1020,41841,1020_41841
conf/sigmod/JagadishLS99,uXZXfQgn4doJ,1022,50157,1022_50157
conf/sigmod/AcharyaPR99,0dY1brFaEzgJ,1023,22714,1023_22714
conf/sigmod/Ojjeh99,url:http://portal.acm.org/ft_gateway.cfm%3Fid%3D304245%26type%3Dpdf%26dl%3DGUIDE%26dl%3DACM%26CFID%3D11111111%26CFTOKEN%3D2222222,1028,3788,1028_3788
conf/sigmod/Rajaraman99,url:http://portal.acm.org/ft_gateway.cfm%3Fid%3D304246%26type%3Dpdf%26dl%3DGUIDE%26dl%3DACM%26CFID%3D11111111%26CFTOKEN%3D2222222,1029,5074,1029_5074
conf/sigmod/BergstraesserBPS99,qcZ2tYThtK0J,1031,24370,1031_24370
conf/sigmod/DoRD99,Q4N41koenF8J,1034,21295,1034_21295
conf/sigmod/JarkeQBLMS99,nSKzTBqurCwJ,1036,11984,1036_11984
conf/vldb/MeccaCM01,4pkdRl98wMQJ,1037,18306,1037_18306
conf/sigmod/AdelbergD99,s40fqzss4woJ,1038,53176,1038_53176
conf/sigmod/BargaL99,QGxyK7bJQOMJ,1040,49291,1040_49291
conf/sigmod/ZhouLP99,0OwKmPjQpd0J,1045,28610,1045_28610
conf/sigmod/BohlenBD99,X2odIfnOC88J,1056,3524,1056_3524
conf/sigmod/ChangG99,8Yt1Mba9-wQJ,1057,35225,1057_35225
conf/sigmod/LabioYG99,Z5kfiPj7fGMJ,1064,63203,1064_63203
conf/sigmod/PapakonstantinouV99,du5GsqT0_vQJ,1065,25382,1065_25382
conf/sigmod/DeutschFS99,QxtGOVsCF78J,1068,33671,1068_33671
conf/sigmod/EmbleyJN99,x8uC_9_IzUEJ,1072,14084,1072_14084
conf/sigmod/Dullmann99,5bp8rSFAkzEJ,1074,47842,1074_47842
conf/sigmod/Suciu99,FOpGGQJyLLsJ,1077,11883,1077_11883
conf/sigmod/Chakrabarti99,url:http://portal.acm.org/ft_gateway.cfm%3Fid%3D304231%26type%3Dpdf%26dl%3DGUIDE%26dl%3DACM%26CFID%3D11111111%26CFTOKEN%3D2222222,1079,55749,1079_55749
conf/sigmod/Brown99,itP4yy9sLUUJ,1081,57586,1081_57586
conf/vldb/ChaudhuriS01, ,1082,56575,1082_56575
conf/vldb/PatonG01,mHCrMuxQnBsJ,1084,2510,1084_2510
conf/sigmod/KanthRSB99,yPFlbrVJFJoJ,1087,49295,1087_49295
conf/vldb/Leymann01,eRh9hA637AMJ,1088,39106,1088_39106
conf/vldb/MignetMAC01,KkI-NuyDkDQJ,1089,50319,1089_50319
conf/sigmod/AdaliBSS98,rYC-j_j4Yv0J,1090,21632,1090_21632
conf/sigmod/FernandezFKLS98,fNDX0gaFmB0J,1091,7285,1091_7285
conf/sigmod/ChanI98,VC7Jbwgn_O0J,1094,61161,1094_61161
conf/sigmod/ChaudhuriN98,99oqRZGWAYMJ,1096,45472,1096_45472
conf/sigmod/RajagopalanML98,wO6VeeLIXAsJ,1101,62228,1101_62228
conf/sigmod/LometW98,F2ecYx97F2sJ,1103,9173,1103_9173
conf/sigmod/Doherty98,7aUag74jtdIJ,1106,22868,1106_22868
conf/sigmod/FranklinZ98,5Cj9Wx8llkwJ,1107,5026,1107_5026
conf/sigmod/NaumanS98,url:http://portal.acm.org/ft_gateway.cfm%3Fid%3D276369%26type%3Dpdf%26dl%3DGUIDE%26dl%3DACM%26CFID%3D11111111%26CFTOKEN%3D2222222,1116,6409,1116_6409
conf/sigmod/Aulakh98,xFK4CkKj14EJ,1119,40690,1119_40690
conf/sigmod/NgLHP98,SW8RvYcXqaMJ,1121,36888,1121_36888
conf/vldb/ChienTZ01,NoMSxmHAQ9YJ,1122,27384,1122_27384
conf/sigmod/BaruGLMPVC99,wTXunETZhPwJ,1124,18815,1124_18815
conf/sigmod/BouguettayaBH99,siO8kr7vvLEJ,1125,53877,1125_53877
conf/sigmod/VossenW99,9PhYz-N58A8J,1128,58263,1128_58263
conf/sigmod/AgrawalGGR98,y55xkFQJvxAJ,1130,3957,1130_3957
conf/sigmod/Bayardo98,htTH8PrZ0dYJ,1132,60307,1132_60307
conf/vldb/HuntAI01,0GT_dHqK5roJ,1135,17,1135_17
conf/sigmod/CherniackZ98,_wJZsVYdrr8J,1136,32749,1136_32749
conf/sigmod/KotidisR98,CpHJwU8o-BkJ,1137,7495,1137_7495
conf/sigmod/KabraD98,V9XUvirmVEEJ,1144,62080,1144_62080
conf/sigmod/SubramanianV98,KxwymZ2AGNQJ,1145,56102,1145_56102
conf/sigmod/ChakrabartiDI98,qtVVVrzTLr4J,1148,50576,1148_50576
conf/sigmod/NestorovAM98,5icRoG_Vmc0J,1149,9079,1149_9079
conf/sigmod/DeshpandeRSN98,BXB96UFPHn8J,1151,59314,1151_59314
conf/sigmod/GrumbachRS98,RQTFVFT_w9gJ,1154,15449,1154_15449
conf/sigmod/PapadopoulosM98,dLzAJ-I1nCcJ,1155,18523,1155_18523
conf/sigmod/HjaltasonS98,3mwWUz_ORNYJ,1157,15917,1157_15917
conf/sigmod/ZhaoDNS98,mBC03oUT8yAJ,1160,57854,1160_57854
conf/sigmod/SeidlK98,TodiMgxv4vMJ,1161,30939,1161_30939
conf/vldb/ChangG00,fIuGhhcZl-4J,1162,22438,1162_22438
conf/sigmod/CluetDSS98,lOZF0Ee3rUQJ,1163,62808,1163_62808
conf/sigmod/Miller98,fW6JIoNRqAQJ,1166,44876,1166_44876
conf/sigmod/Cohen98,_ICk4vgjlgsJ,1168,25768,1168_25768
conf/sigmod/ChaudhuriMN98,CBKhTPuUL2kJ,1172,36789,1172_36789
conf/sigmod/MatiasVW98,6WjESNMzLvgJ,1173,52674,1173_52674
conf/sigmod/LarsonG98,tPG--ikWjGcJ,1176,11903,1176_11903
conf/sigmod/GibbonsM98,GEBNdHM0xSgJ,1180,25901,1180_25901
conf/sigmod/JaedickeM98,MswqiEweEGUJ,1183,32589,1183_32589
conf/sigmod/AvnurHLORRRW98,bEu_llku9NMJ,1185,36511,1185_36511
conf/sigmod/AmbiteABKMMMPT98,iE-UE2bDGZ8J,1188,8809,1188_8809
conf/sigmod/DarEGP98,ewnL82c8kiMJ,1190,40831,1190_40831
conf/vldb/AltinelF00,SXHPvzZDrFMJ,1191,58413,1191_58413
conf/sigmod/KornackerSH98,bV8_CDuW2gMJ,1192,31655,1192_31655
conf/sigmod/LiS98,Vxg-4KP7FfEJ,1194,12431,1194_12431
conf/sigmod/Brewer98,k4UNrsGeUuAJ,1196,20481,1196_20481
conf/sigmod/OlstonWACELSS98,UTYa5uf9zSIJ,1197,20955,1197_20955
conf/sigmod/LiuPTBBZBHY98,ezlAkB7ijDUJ,1199,53714,1199_53714
conf/sigmod/Fegaras98,XVtlJYx2G_wJ,1201,36929,1201_36929
conf/sigmod/RaoR98,WlSXiMaxGlQJ,1203,44809,1203_44809
conf/sigmod/JonssonFS98,5fb1l1MyGisJ,1207,55383,1207_55383
conf/sigmod/ShintaniK98,JfxEos8BQDAJ,1214,52699,1214_52699
conf/sigmod/TsurUACMNR98,w5i-zY0c1jAJ,1215,13165,1215_13165
conf/sigmod/Toyama98,h4OQc4N4kjIJ,1219,45733,1219_45733
conf/sigmod/BaumannDFRW98,k3WA-AE7Sh4J,1222,20513,1222_20513
conf/sigmod/ParkKKLPC98,aepGxosl6YoJ,1224,13659,1224_13659
conf/vldb/May01,Fb4oYRM9N4EJ,1225,57498,1225_57498
conf/sigmod/Cohen98a,qfD_kxYt-dsJ,1226,12176,1226_12176
conf/sigmod/ChaudhuriN98a,AiXOfJPvvpUJ,1230,45922,1230_45922
conf/sigmod/BrinMUT97,A7Mm5kFK3zwJ,1236,60110,1236_60110
conf/sigmod/ZhaoDN97,YwLoGdTgG-sJ,1237,2401,1237_2401
conf/sigmod/AcharyaFZ97,9OEjtHuRUzsJ,1239,18522,1239_18522
conf/sigmod/KornackerMH97,O81USJg2EhwJ,1241,51295,1241_51295
conf/vldb/ZhouLZLZJT01,IqjYD8NRzR0J,1245,51841,1245_51841
conf/sigmod/CeriFP98,iUGa3pKj-20J,1246,41497,1246_41497
conf/sigmod/Spiro98,u4ZAi-DRoHkJ,1250,8378,1250_8378
conf/sigmod/ReinwaldP98,QAjOGW-ffQIJ,1254,25509,1254_25509
conf/sigmod/BlakeleyP98,yotsUgKBK44J,1256,35865,1256_35865
conf/sigmod/ClossmanSHKPB98,Q0Jr0CGWn5MJ,1257,51629,1257_51629
conf/sigmod/KemperKM98,Z0oCigN4pVMJ,1259,59924,1259_59924
conf/sigmod/AndersonBKW98,j6v2b9hN-R4J,1263,50135,1263_50135
conf/sigmod/MeccaAMMS98,J-7xdqqW5RwJ,1265,8052,1265_8052
conf/sigmod/Lassettre98,7p2MaOtr7u8J,1270,24006,1270_24006
conf/sigmod/Chong98,W-6r_OOEHLUJ,1272,29285,1272_29285
conf/sigmod/AndersonAF98,_EbKUPc1jYAJ,1274,41735,1274_41735
conf/sigmod/NgLK98,kJVhJ4ruw6sJ,1275,47803,1275_47803
conf/sigmod/Chan98,oo2mr5fbMggJ,1277,50919,1277_50919
conf/sigmod/RamakrishnanD98,LSNo-7ii1vEJ,1280,58521,1280_58521
conf/vldb/LaneEN00,0O3JgOoSdIUJ,1281,21208,1281_21208
conf/sigmod/GravanoCGP97,PsoYENGEh9cJ,1288,46456,1288_46456
conf/sigmod/MaheshwariL97,VcVAYDLTty8J,1295,5582,1295_5582
conf/sigmod/ONeilQ97,rN34VXyq84YJ,1299,19140,1299_19140
conf/sigmod/MumickQM97,cvHvC7tUSrIJ,1302,57626,1302_57626
conf/sigmod/HoAMS97,1HAB-tuw7N4J,1303,36341,1303_36341
conf/sigmod/DoppelhammerHKK97,q_A8Y8KY9WkJ,1306,27570,1306_27570
conf/sigmod/AdelbergGW97,zZo47Z-jVX4J,1309,18839,1309_18839
conf/sigmod/CareyDNAGS97,mt8Q1YmVRkMJ,1312,20431,1312_20431
conf/sigmod/YangM97,xrTlYcyFKtwJ,1314,44729,1314_44729
conf/sigmod/JajodiaSSB97,4_fm8LWVWHMJ,1315,63580,1315_63580
conf/sigmod/Kramer97,FZRPzy583jAJ,1318,4688,1318_4688
conf/sigmod/CruzALRZ97,YWWvQnGCpDEJ,1320,49967,1320_49967
conf/sigmod/LivnyRBCDLMW97a,vshQbbpnQiUJ,1322,8497,1322_8497
conf/vldb/BeneventanoBCCGMMV00,Q6jRYrIlTM4J,1323,2607,1323_2607
conf/sigmod/HanKS97,nD_Yjp9TNuIJ,1324,27415,1324_27415
conf/sigmod/RafieiM97,otOkT3t9kUQJ,1325,7656,1325_7656
conf/sigmod/ChawatheG97,5O88Bum19wAJ,1327,48163,1327_48163
conf/sigmod/GebhardtJJ97,9mbr0dyW1NgJ,1337,41525,1337_41525
conf/sigmod/LlirbatFS97,hJiwQ2CQRBkJ,1344,61969,1344_61969
conf/vldb/CowleyP00,KGeFsGtIROsJ,1347,39427,1347_39427
conf/sigmod/Blakeley96,xZxFCI120eUJ,1353,31624,1353_31624
conf/sigmod/OzdenRSS96, ,1355,6952,1355_6952
conf/sigmod/SimmenSM96,XVP8s4K0Bg4J,1359,31509,1359_31509
conf/vldb/ManegoldBK00,JgdpgBpMDr4J,1360,18957,1360_18957
conf/sigmod/TomasicABKNR97,6CpWnsUqJNIJ,1361,11527,1361_11527
conf/sigmod/GeneserethKD97,2Nl65Vp7bxUJ,1366,54025,1366_54025
conf/sigmod/BerchtoldK97,DNVHTz7tMywJ,1369,1105,1369_1105
conf/sigmod/LabioZWGGW97,uzpyy9XRpgYJ,1374,11627,1374_11627
conf/sigmod/FernandezFKLS97,ek26aiEheesJ,1376,562,1376_562
conf/sigmod/GoyalHKMSZ97,OcGPxRYxbsUJ,1380,33445,1380_33445
conf/sigmod/CareyMN97,nM9bJESsWNoJ,1381,9783,1381_9783
conf/sigmod/ChaudhuriD97,4zZ7Lxt4PPIJ,1383,63844,1383_63844
conf/sigmod/AtzeniT97,i2LI1TWifbYJ,1386,57338,1386_57338
conf/sigmod/QuassW97,u6Sx6E5i4L8J,1393,52702,1393_52702
conf/sigmod/KatayamaS97,GPEkH-UohLYJ,1398,17547,1398_17547
conf/sigmod/ShivakumarG97,4ioZ9JSSjVQJ,1399,54792,1399_54792
conf/sigmod/GuptaHR97,pGix0qZ6Uz4J,1402,41751,1402_41751
conf/sigmod/Shasha97,r2TwyhAdYecJ,1404,18569,1404_18569
conf/sigmod/MotakisZ97,e8OIK3dEo6EJ,1405,55367,1405_55367
conf/sigmod/GeorgeH97,Ah9B3bWU0jEJ,1408,37771,1408_37771
conf/sigmod/GrayHOS96,dRwl6kpDBjEJ,1410,27733,1410_27733
conf/sigmod/FranklinJK96,yY5hMqazRHoJ,1411,46190,1411_46190
conf/vldb/DeutschPT99,0aJOXauNqYIJ,1412,32462,1412_32462
conf/vldb/JaedickeM99,XR50nxmrvFcJ,1413,56639,1413_56639
conf/sigmod/MogiK96,hxWB8uQMCdgJ,1415,43499,1415_43499
conf/sigmod/ZhangRL96,hk9P76dJfcAJ,1420,37933,1420_37933
conf/sigmod/AchyutuniON96,eRSkDzxP1JcJ,1423,13298,1423_13298
conf/sigmod/VanceM96, ,1426,33982,1426_33982
conf/sigmod/SelfridgeSW96,V2Wysmw3ti4J,1428,64226,1428_64226
conf/sigmod/ChaudhuriG96,Fh1QPZpWHUMJ,1429,54032,1429_54032
conf/sigmod/GoelI96,hD6w1eBfjWcJ,1432,23246,1432_23246
conf/sigmod/FukudaMMT96,lmXiI4fB9vgJ,1438,1785,1438_1785
conf/sigmod/SrikantA96,KwgLlNLlaTcJ,1439,10437,1439_10437
conf/vldb/BrodieC99,PAahJo-PXsIJ,1441,39057,1441_39057
conf/sigmod/Keim96,AF9vuEJOr6cJ,1442,35328,1442_35328
conf/sigmod/Han96,DlQd7WIkVF0J,1444,43258,1444_43258
conf/sigmod/HanFWCZK96,v9BdA55u_XMJ,1447,62582,1447_62582
conf/vldb/GarofalakisRS99,zJ6gN0riEsQJ,1448,61290,1448_61290
conf/sigmod/HullZ96,H1E3GuQcoUAJ,1449,35379,1449_35379
conf/sigmod/ChawatheRGW96,ilCT5UFnHxgJ,1451,26211,1451_26211
conf/sigmod/BunemanDHS96,rNVPCLfguuMJ,1454,16987,1454_16987
conf/sigmod/NguyenS96,Cd4NNuZnIn8J,1456,55347,1456_55347
conf/sigmod/ChristophidesCM96,GpGg0czXSQcJ,1460,47549,1460_47549
conf/sigmod/ColbyGLMT96,MgphE2z3NqYJ,1464,43936,1464_43936
conf/sigmod/LibkinMW96,OfZWx8jhQvwJ,1466,52060,1466_52060
conf/sigmod/Agarwal96,ALk7huiKjWAJ,1468,34735,1468_34735
conf/sigmod/GangulyGMS96,05ZgvGyhSC0J,1470,6450,1470_6450
conf/sigmod/KrishnanVI96,8tFA4ENYqKQJ,1472,61368,1472_61368
conf/sigmod/ShatdalN95,nbU59lK7JJYJ,1473,49229,1473_49229
conf/vldb/LiRS99,cGbo_ZtYKwYJ,1475,53865,1475_53865
conf/sigmod/Freeston95,Fr8CPbK-IFIJ,1476,7206,1476_7206
conf/sigmod/AdyaGLM95,bfcbZlt6vngJ,1478,15075,1478_15075
conf/sigmod/RundensteinerKRCJM96,UEaXoXn3DicJ,1484,12800,1484_12800
conf/sigmod/ChooOLCGBPS96,url:http://portal.acm.org/ft_gateway.cfm%3Fid%3D280357%26type%3Dpdf%26dl%3Dportal%26dl%3DACM%26CFID%3D11111111%26CFTOKEN%3D2222222,1489,61060,1489_61060
conf/sigmod/Mohan96,ZEh9UFMj3-EJ,1498,16930,1498_16930
conf/sigmod/FernandezS96,9bgA6C_HqvQJ,1502,21715,1502_21715
conf/sigmod/CherniackZ96,ZsHfcZJwFQQJ,1509,30912,1509_30912
conf/sigmod/HellersteinN96,_hDCldPyum0J,1512,10615,1512_10615
conf/sigmod/CookKWZ96,5MTgNlhnyTgJ,1513,38231,1513_38231
conf/sigmod/Tajima96,IZSzLlgi8tUJ,1518,2697,1518_2697
conf/sigmod/GarofalakisI96,MfPbk62EdyQJ,1520,49521,1520_49521
conf/sigmod/LiskovACDGGMMS96,Ey7Mbh6IdQIJ,1521,24773,1521_24773
conf/sigmod/BlottRS96,4aSEl4haaq4J,1524,10661,1524_10661
conf/sigmod/PoosalaIHS96,hHGQKstQ2PQJ,1525,49628,1525_49628
conf/vldb/BonczMK99,jsNNCDiD0yIJ,1527,54366,1527_54366
conf/sigmod/DohertyHR96,v3IA8Go4UjIJ,1528,27851,1528_27851
conf/sigmod/PatelD96,Y9z2OdhzSGQJ,1531,22382,1531_22382
conf/vldb/VorugantiOU99,nlwMBvJt988J,1532,40773,1532_40773
conf/sigmod/HarinarayanRU96,QHUtoLECZzgJ,1533,35094,1533_35094
conf/sigmod/GuptaMR95,ELtcV7mOQDgJ,1538,61588,1538_61588
conf/sigmod/AcharyaAFZ95,rO4-yA3tlfoJ,1540,10624,1540_10624
conf/sigmod/DavisonG95,96SrVGnDmMoJ,1545,13460,1545_13460
conf/sigmod/AdelbergGK95,NbLabaGWoh4J,1548,40085,1548_40085
conf/sigmod/IoannidisP95,23K90oRfbbsJ,1549,30150,1549_30150
conf/sigmod/HouZ95,AeRUCf7iBqYJ,1552,38484,1552_38484
conf/sigmod/BrinDG95,7mNCkZ7D-R8J,1554,24319,1554_24319
conf/sigmod/LuMSS95,Kk87yanaI1AJ,1560,45260,1560_45260
conf/sigmod/BaruFGHJPW95,C60KJG_xVm0J,1571,61430,1571_61430
conf/vldb/WeberSB98,ZLYsIub53eoJ,1572,45901,1572_45901
conf/sigmod/Olson95,nJycrIdh5E4J,1575,10765,1575_10765
conf/sigmod/MoleskyR95,u03oQbB0y-oJ,1577,21461,1577_21461
conf/sigmod/BrodskyK95,SFmnhrhoQzgJ,1579,46626,1579_46626
conf/sigmod/ImielinskiV95,dKMRgoNRQDgJ,1582,28101,1582_28101
conf/sigmod/PapadiasTSE95,PogZLKV_bIsJ,1588,53042,1588_53042
conf/sigmod/FegarasM95,LSWVPfB8TC4J,1589,50777,1589_50777
conf/sigmod/GardarinMP95,l-9pykkOVrkJ,1591,43179,1591_43179
conf/sigmod/RamaswamyK95,g9Y0KAu_UHQJ,1594,45299,1594_45299
conf/vldb/NipplM98,C5jVmNqIE4IJ,1596,23474,1596_23474
conf/sigmod/BettiniWBJ95,dPoF3gQ7ohUJ,1601,30412,1601_30412
conf/sigmod/DuSD95,Vl7gY6FsOOYJ,1606,6214,1606_6214
conf/sigmod/SistlaW95,KO3FcQ57_rkJ,1608,16492,1608_16492
conf/sigmod/ZhugeGHW95,_XLK2p-e2pYJ,1610,62191,1610_62191
conf/sigmod/ChaudhuriDY95,aaQEdfkjWN8J,1617,13857,1617_13857
conf/sigmod/DanS95,qYsoOX4e1noJ,1619,30201,1619_30201
conf/sigmod/Epstein95,ypIwIw0dXTEJ,1634,1586,1634_1586
conf/sigmod/Shyy95,OjZoGJLFGqIJ,1638,46454,1638_46454
conf/sigmod/Bampahl95,MbgdgwgZCIUJ,1641,19762,1641_19762
conf/sigmod/Perna95,url:http://portal.acm.org/ft_gateway.cfm%3Fid%3D223872%26type%3Dpdf%26dl%3DGUIDE%26dl%3DACM%26CFID%3D11111111%26CFTOKEN%3D2222222,1646,12729,1646_12729
conf/vldb/FangSGMU98,F8EAXPxQQsIJ,1648,4013,1648_4013
conf/sigmod/Gerber95,Cha3zvFBfDsJ,1650,63946,1650_63946
conf/sigmod/Levine95,url:http://portal.acm.org/ft_gateway.cfm%3Fid%3D223878%26type%3Dpdf%26dl%3DGUIDE%26dl%3DACM%26CFID%3D11111111%26CFTOKEN%3D2222222,1651,28125,1651_28125
conf/vldb/PapadiasMD98,_6JbypCpDqgJ,1652,55723,1652_55723
conf/sigmod/MattosM95,wF_GdZPkCnQJ,1658,2175,1658_2175
conf/sigmod/Sheth95,TuZ-fjos6I0J,1659,31401,1659_31401
conf/sigmod/Norrie95,url:http://portal.acm.org/ft_gateway.cfm%3Fid%3D223883%26type%3Dpdf%26dl%3DGUIDE%26dl%3DACM%26CFID%3D11111111%26CFTOKEN%3D2222222,1661,11237,1661_11237
conf/vldb/ChaudhuriN97,0rViZf2YXmAJ,1665,49702,1665_49702
conf/sigmod/GatziuGD95,jC39CJrWKr8J,1666,57142,1666_57142
conf/vldb/YangKL97,ZDCB5IvcngUJ,1668,28411,1668_28411
conf/sigmod/ShklarSKT95,4IaWCBK6dMQJ,1670,1595,1670_1595
conf/vldb/RossS97,mrH-8zANwLwJ,1671,6261,1671_6261
conf/sigmod/MassariPSC95,O2FrN68p5PUJ,1672,19887,1672_19887
conf/vldb/RothS97,9xWSlRBwaPIJ,1675,59465,1675_59465
conf/vldb/VassalosP97,9MlAuURfKhYJ,1678,58758,1678_58758
conf/sigmod/DreyerDS95,i1qU2OFSeloJ,1681,42748,1681_42748
conf/sigmod/GrossmanHQ95,Z_kXgQsN0W0J,1683,43137,1683_43137
conf/sigmod/Team95b,v80FFBUTW_0J,1688,15232,1688_15232
conf/vldb/ZhangL97,v-O39agJIB4J,1693,46270,1693_46270
conf/sigmod/GibbsBT94,iS9rQqelSjMJ,1697,12108,1697_12108
conf/sigmod/MohanN94,_2hj6snS3foJ,1702,33297,1702_33297
conf/vldb/GoldmanW97,UeLjlfHU_gkJ,1704,3866,1704_3866
conf/sigmod/HuangSW94,5Chw6HN64vEJ,1711,46140,1711_46140
conf/sigmod/KrollW94,zd_8s13rNRoJ,1717,4109,1717_4109
conf/sigmod/ChristophidesACS94,dGbuUkhWNhMJ,1720,29244,1720_29244
conf/vldb/BernsteinHSSZ97,62aA4DYB0MQJ,1722,19288,1722_19288
conf/sigmod/VingralekBW94,rM8Ecg1WL4kJ,1723,12325,1723_12325
conf/sigmod/ChenR94,4Hhh-d__bksJ,1725,56123,1725_56123
conf/sigmod/BilirisP94,KYhmilHkq_IJ,1731,56704,1731_56704
conf/sigmod/Jagadish94,eH69_dCm18wJ,1734,58460,1734_58460
conf/sigmod/DarR94,TtV6gGLQ9NMJ,1740,36637,1740_36637
conf/vldb/ZouS98,_OimKPnidhsJ,1741,43545,1741_43545
conf/sigmod/Vaskevitch94,cr7xWKidCnYJ,1742,46791,1742_46791
conf/sigmod/GravanoGT94,sk7DIwcSZrwJ,1745,30060,1745_30060
conf/sigmod/MumickP94,hUQBQ_9ohcgJ,1747,41384,1747_41384
conf/sigmod/BersonGMJ94,wsG_Q2jbgCAJ,1758,23874,1758_23874
conf/sigmod/GraySEBW94,SG9kpHg_arUJ,1762,18004,1762_18004
conf/sigmod/DewanSHH94,GUdXGx4blW8J,1764,56494,1764_56494
conf/sigmod/HsiaoCY94,LEi_Rzm1iH0J,1769,24024,1769_24024
conf/vldb/Schoning98,HEJ1Z4Q_xXMJ,1770,381,1770_381
conf/sigmod/BrinkhoffKSS94,cb1kf4z7hA4J,1771,22896,1771_22896
conf/sigmod/LoR94,PpyOTK673dwJ,1773,58153,1773_58153
conf/sigmod/Hellerstein94,Nn0LzB8rUPEJ,1785,836,1785_836
conf/sigmod/KemperMPS94,ChCPyLiBpr4J,1787,4527,1787_4527
conf/sigmod/Galindo-Legaria94,iEs59H5EFHwJ,1790,58495,1790_58495
conf/vldb/GyssensL97,7jSBx3h3cvUJ,1791,42055,1791_42055
conf/sigmod/CookWZ94,BYAEfUWtxgUJ,1792,27376,1792_27376
conf/sigmod/Englert94,KOpz_NXJ3WUJ,1794,38348,1794_38348
conf/sigmod/Pirahesh94,VG96hL8afvgJ,1799,63997,1799_63997
conf/sigmod/Melling94,j4O-xhs1QAgJ,1805,36285,1805_36285
conf/sigmod/SinghTW94,uAQ-tJ0j4nkJ,1807,39388,1807_39388
conf/vldb/ViverosNR96,lsY_rXfEDDIJ,1808,1227,1808_1227
conf/sigmod/GorelikWD94,h10FxbLW6zAJ,1811,35570,1811_35570
conf/sigmod/SagonasSW94,nF5iGEtihWYJ,1813,51719,1813_51719
conf/vldb/MeoPC96,O9eEu3O60FMJ,1814,27170,1814_27170
conf/sigmod/Cattell94,QgR0DgMbdgIJ,1817,7369,1817_7369
conf/vldb/LabioG96,nsN_2BnT_mMJ,1818,56331,1818_56331
conf/sigmod/Kim94,GzJII5F7OzAJ,1820,53272,1820_53272
conf/sigmod/LaursenOP94,fTbCV3Lh8W0J,1822,24277,1822_24277
conf/sigmod/Kulkarni94,eN_4FTimCKYJ,1823,17013,1823_17013
conf/vldb/ChaudhuriS96,31oH64SXpRcJ,1827,18611,1827_18611
conf/sigmod/Blakeley94,VLd1PgYIoN8J,1828,11818,1828_11818
conf/sigmod/HwangLYMMGCSS94,AWah9GLEFTAJ,1830,44061,1830_44061
conf/vldb/BerchtoldKK96,WnYVibh8fxUJ,1833,48002,1833_48002
journals/sigmod/AilamakiFFSV03,rMV2yNFwvggJ,1834,40739,1834_40739
journals/sigmod/Snodgrass03c,url:http://portal.acm.org/ft_gateway.cfm%3Fid%3D959062%26type%3Dpdf%26dl%3DGUIDE%26dl%3DACM%26CFID%3D11111111%26CFTOKEN%3D2222222,1837,45364,1837_45364
conf/sigmod/MissikoffT94,nxNSfctbGWAJ,1847,10366,1847_10366
conf/sigmod/CatarciS94,ga4l4QhCXU4J,1850,19438,1850_19438
conf/sigmod/DogacAEOADAOS94,AgBMhm_0uEIJ,1853,40793,1853_40793
journals/sigmod/TanK03,qIzj09N-Qr8J,1857,4234,1857_4234
journals/sigmod/GerlaX03,KKiefntReoUJ,1859,63750,1859_63750
conf/vldb/BaralisPT97,Cp7_R7yjRjQJ,1866,19783,1866_19783
conf/vldb/WangYM97,OnLLKkgfyLUJ,1869,46859,1869_46859
journals/sigmod/KannanKIK03,h_tDfTvsR0QJ,1873,54479,1873_54479
journals/sigmod/PalpanasPKG03,url:http://portal.acm.org/ft_gateway.cfm%3Fid%3D959074%26type%3Dpdf%26dl%3DGUIDE%26dl%3Dacm%26CFID%3D11111111%26CFTOKEN%3D2222222,1876,7008,1876_7008
journals/sigmod/Kumar03,VuNnpxJwvQkJ,1879,46608,1879_46608
conf/vldb/JagadishNSSK97,ZG9yClLgWnsJ,1881,39939,1881_39939
journals/sigmod/HellersteinHM03,6ussAgzdL6oJ,1882,11315,1882_11315
conf/vldb/FaloutsosJS97,TyxKh_eSfCIJ,1885,55686,1885_55686
journals/sigmod/ChengP03,6fAPR3UvX28J,1886,20275,1886_20275
journals/sigmod/DemersGRTY03,QObLZuX-xBMJ,1888,32066,1888_32066
journals/sigmod/NejdlSS03,lZGtV8TM9yoJ,1892,46246,1892_46246
conf/vldb/BridgeJKLLM97,8SYZpKAeTwQJ,1894,33651,1894_33651
journals/sigmod/Snodgrass03b,PmIVKWJ5_V4J,1898,41765,1898_41765
conf/vldb/ChavdaW97,gTnHy2FZez0J,1899,28585,1899_28585
journals/sigmod/Aberer03c,dNM-avLn230J,1901,8539,1901_8539
journals/sigmod/Halevy03,706PCMwA_E4J,1904,38856,1904_38856
journals/sigmod/Giorgini03,url:http://portal.acm.org/ft_gateway.cfm%3Fid%3D959084%26type%3Dpdf%26dl%3Dportal%26dl%3DACM%26CFID%3D11111111%26CFTOKEN%3D2222222,1906,40376,1906_40376
conf/vldb/PellenkoftLK97,mCU3zHcPfCsJ,1907,7402,1907_7402
journals/sigmod/LenzVJS03,url:http://portal.acm.org/ft_gateway.cfm%3Fid%3D959083%26type%3Dpdf,1908,45263,1908_45263
conf/vldb/ChakrabartiDAR97,PAfIruwVVakJ,1909,19904,1909_19904
journals/sigmod/KambhampatiK03,url:http://portal.acm.org/ft_gateway.cfm%3Fid%3D959086%26type%3Dpdf%26dl%3DGUIDE%26dl%3DACM%26CFID%3D11111111%26CFTOKEN%3D2222222,1910,49741,1910_49741
journals/sigmod/MotroA03,url:http://portal.acm.org/ft_gateway.cfm%3Fid%3D959085%26type%3Dpdf%26dl%3DGUIDE%26dl%3DACM%26CFID%3D11111111%26CFTOKEN%3D2222222,1911,53275,1911_53275
journals/sigmod/Hainaut03,url:http://portal.acm.org/ft_gateway.cfm%3Fid%3D959087%26type%3Dpdf%26coll%3DGUIDE%26dl%3DACM%26CFID%3D11111111%26CFTOKEN%3D2222222,1916,27772,1916_27772
journals/sigmod/AilamakiH03,url:http://portal.acm.org/ft_gateway.cfm%3Fid%3D945725%26type%3Dpdf%26dl%3DGUIDE%26dl%3DACM%26CFID%3D11111111%26CFTOKEN%3D2222222,1917,13581,1917_13581
conf/vldb/AmsalegFG95,0BNg0sVGppkJ,1923,17917,1923_17917
journals/sigmod/JukicNV03,eR43Urfx-hcJ,1924,48802,1924_48802
conf/vldb/KornackerB95,_1N4nkD4AMIJ,1932,58041,1932_58041
conf/vldb/GravanoG95,Gzr2235rJLsJ,1936,15291,1936_15291
journals/sigmod/Ouksel03,8M_z-OUkoxYJ,1937,21221,1937_21221
journals/sigmod/OoiST03,gpjVvUtM6H8J,1944,1740,1944_1740
journals/sigmod/Hellerstein03,pHHvswIOFfAJ,1946,56807,1946_56807
conf/vldb/Raghavan96,zuVOWDbv0lsJ,1951,48483,1951_48483
conf/vldb/SavasereON95,t_8ES4SLNYQJ,1954,13217,1954_13217
conf/vldb/HanF95,76X91rVs8BQJ,1955,18649,1955_18649
journals/sigmod/ChongFTSYKDJJ03,url:http://portal.acm.org/ft_gateway.cfm%3Fid%3D777000%26type%3Dpdf%26coll%3DGUIDE%26dl%3DACM%26CFID%3D11111111%26CFTOKEN%3D2222222,1957,52527,1957_52527
conf/vldb/RahmM95,6ioboOxJvQIJ,1958,46315,1958_46315
journals/sigmod/Stirling03,url:http://portal.acm.org/ft_gateway.cfm%3Fid%3D776997%26type%3Dpdf%26dl%3DGUIDE%26dl%3DACM%26CFID%3D11111111%26CFTOKEN%3D2222222,1961,13953,1961_13953
conf/vldb/AgrawalLSS95,PbZkvDhTeyEJ,1967,32233,1967_32233
journals/sigmod/FifeG03,oOdAqQph_zsJ,1969,41351,1969_41351
conf/vldb/HasanM95,JmlFFnMD_D0J,1970,45379,1970_45379
journals/sigmod/dOnofrioP03,url:http://portal.acm.org/ft_gateway.cfm%3Fid%3D776990%26type%3Dpdf%26dl%3DGUIDE%26dl%3DACM%26CFID%3D11111111%26CFTOKEN%3D2222222,1972,19183,1972_19183
journals/sigmod/GolabO03,lC5GjK5OpD0J,1976,28512,1976_28512
journals/sigmod/Vianu03,JgenqfLQC1UJ,1979,1312,1979_1312
conf/vldb/YanL95,BNyeiu2AmWAJ,1980,4889,1980_4889
conf/vldb/BelussiF95,a78Lxr80kJUJ,1983,57599,1983_57599
journals/sigmod/MukhopadhyayGS03,url:http://portal.acm.org/ft_gateway.cfm%3Fid%3D776989%26type%3Dpdf%26dl%3DGUIDE%26dl%3DACM%26CFID%3D11111111%26CFTOKEN%3D2222222,1984,37095,1984_37095
journals/sigmod/Snodgrass03,m-l6e98xxOsJ,1985,48837,1985_48837
journals/sigmod/OConnellW03,SeDkIL_DlRwJ,1988,24330,1988_24330
conf/vldb/FaloutsosMS96,j9sPZ8fYBJMJ,1989,16126,1989_16126
journals/sigmod/GottlobKP03,rDRdlwdHGb0J,1990,41381,1990_41381
conf/vldb/DarFJST96,95lS1rShpqQJ,1991,55877,1991_55877
journals/sigmod/David03,vhUs7wTpUOoJ,1995,56834,1995_56834
journals/sigmod/MarchiLPT03,B0gGtPpx7uUJ,1998,25510,1998_25510
conf/vldb/VermeerA96,bEddMdwB2_4J,2000,44976,2000_44976
conf/vldb/LinLYZ03,9rbctPoEdNUJ,2001,40633,2001_40633
conf/vldb/AltinelBKMPR03,hd5JHUAr6z4J,2009,13720,2009_13720
conf/vldb/AnciauxBP03,gYELZxhiJx8J,2015,63030,2015_63030
conf/vldb/BergerBSW03,Wjg_SYCySOsJ,2041,30337,2041_30337
conf/vldb/Cabrera03,url:http://wwwdb.informatik.uni-rostock.de/vldb2003/papers/S31P01.pdf,2048,5521,2048_5521
conf/vldb/CliftonFHKLS03,FF4u5cqjanQJ,2049,31289,2049_31289
conf/vldb/DeckerK03,es2kSNccUGMJ,2050,40384,2050_40384
conf/vldb/NathDKGKS03,FirBsg8jxtkJ,2051,18968,2051_18968
conf/vldb/LakshmananPZ03,tcnjvKELfs0J,2056,51696,2056_51696
conf/vldb/ChenJLP03,BGcx_nZKM4wJ,2078,8694,2078_8694
conf/vldb/VelegrakisMP03,JYQUV-XahekJ,2105,3543,2105_3543
conf/vldb/KornMZ03,hBoL6DaFUMYJ,2117,36166,2117_36166
conf/vldb/SchmidtWKCMB02,ET_i3QwZryQJ,2145,22957,2145_22957
conf/vldb/MahnkeMS02,VhxIKKG8oWYJ,2161,53477,2161_53477
conf/vldb/GarofalakisG01,rcSfDxBif40J,2170,59027,2170_59027
conf/vldb/KoudasS03,F0VufxHFRP8J,2185,59997,2185_59997
conf/vldb/JagatheesanMPW03,InqySB8bkKkJ,2186,20641,2186_20641
conf/vldb/CeriM03,hFPNVe44A04J,2187,11236,2187_11236
conf/vldb/RamamurthyDS02,DAlyofX710AJ,2191,12580,2191_12580
conf/vldb/GarofalakisG02,S6PWjHRFORYJ,2194,18259,2194_18259
conf/vldb/Mohan02,eyxIItge9MQJ,2195,22367,2195_22367
conf/vldb/Sarawagi02,BJ0pr7FqzzoJ,2196,18387,2196_18387
conf/vldb/Moerkotte02,jiGdThcReckJ,2205,25029,2205_25029
conf/vldb/HulgeriS02,syoqNSarAscJ,2212,181,2212_181
conf/vldb/ChandrasekaranF02,b408sdGcY3UJ,2213,21016,2213_21016
conf/vldb/ChienVZTZ02,SgUc7R0GR6QJ,2220,21988,2220_21988
journals/tods/RaschidL96,rUpu2pcFa8cJ,2273,52053,2273_52053
journals/tods/Galindo-LegariaR97,g4p3K22hY_oJ,2277,29520,2277_29520
journals/tods/CliffordDIJS97,1XXrXRdYiFQJ,2278,23820,2278_23820
journals/vldb/HelmerM03,lqAgqxpXpxMJ,2287,11941,2287_11941
journals/vldb/Li03,XkdLpQ5x-YIJ,2290,42470,2290_42470
journals/vldb/HalkidiNVV03,tFe0FjHYe2MJ,2291,47383,2291_47383
journals/vldb/AtluriJY03,tZ8ckEl9UrUJ,2296,5789,2296_5789
journals/tods/Snodgrass01a,8vtUokULDisJ,2343,10930,2343_10930
journals/tods/FranklinCL97,vqboZ3T4n4AJ,2345,63208,2345_63208
journals/tods/DattaVCK99,MN3TUh03FgkJ,2364,35809,2364_35809
journals/tods/CasatiCPP99,vFYKSBlZfK4J,2376,2454,2376_2454
journals/vldb/SheikholeslamiCZ00,eFgoWIVr71IJ,2404,56216,2404_56216
journals/vldb/LometS97,QIv1JU2suAEJ,2412,3586,2412_3586
journals/vldb/SteinbrunnMK97,0WXQjwXCy0QJ,2413,39810,2413_39810
journals/vldb/ApersCS02,url:http://www.springerlink.com/index/0JGDE6A9JHWT3CF5.pdf,2444,12983,2444_12983
journals/vldb/Halevy02,UF-RyjST87cJ,2467,14538,2467_14538
journals/vldb/Amer-YahiaCLS02,79CvVWsqYLcJ,2470,57868,2470_57868
journals/vldb/Atkinson00,url:http://portal.acm.org/ft_gateway.cfm%3Fid%3D765219%26type%3Dpdf%26dl%3DGUIDE%26dl%3DACM%26CFID%3D11111111%26CFTOKEN%3D2222222,2484,2951,2484_2951
journals/vldb/AbbadiSW01,url:http://portal.acm.org/citation.cfm%3Fid%3D599610.599633,2493,14856,2493_14856
journals/vldb/C95b,url:http://www.springerlink.com/index/J267M1G774146066.pdf,2527,42853,2527_42853
journals/vldb/StonebrakerALPSSSY96,FnypYUw9pwEJ,2529,55238,2529_55238
journals/vldb/NybergBCGL95,RhKSGU-DhQUJ,2535,13928,2535_13928
journals/vldb/C95a,r9tT5zsNnCQJ,2545,23547,2545_23547
journals/vldb/Barbara-MillaG94,mFHdV09MfG8J,2564,44466,2564_44466
conf/vldb/BerckenS96,GfvntjAdvVYJ,2573,38886,2573_38886
journals/sigmod/WenLMZ03,5KdceadGf8cJ,2576,33063,2576_33063
conf/vldb/LakshmananSS96,0VHtbuWJCQUJ,2580,4675,2580_4675
journals/sigmod/AilamakiG03,url:http://portal.acm.org/ft_gateway.cfm%3Fid%3D777004%26type%3Dpdf%26dl%3DGUIDE%26dl%3DACM%26CFID%3D11111111%26CFTOKEN%3D2222222,2581,34631,2581_34631
journals/sigmod/MeltonE02,6uelfg3RgEoJ,2587,23642,2587_23642
journals/sigmod/Snodgrass02b,KENWBobILMwJ,2591,6646,2591_6646
journals/sigmod/AbererCH02,ulDBbXl-6Q4J,2595,17218,2595_17218
journals/sigmod/ShethM02,B_axrPz8j5EJ,2598,5564,2598_5564
journals/sigmod/SpynsMJ02,jD6nDNmhP3AJ,2602,24150,2602_24150
conf/vldb/RysNS96,sRcMuuo3-BEJ,2603,348,2603_348
journals/sigmod/MaximilienS02,hgjhR8PwNVwJ,2606,49532,2606_49532
journals/sigmod/BusslerFM02,RaOQG4YyzM4J,2608,35093,2608_35093
journals/sigmod/LacroixB03,url:http://portal.acm.org/citation.cfm%3Fid%3D640990.641003%26dl%3Dportal%26dl%3DACM%26idx%3DJ689%26part%3Dperiodical%26WantType%3Dperiodical%26title%3DACM%2520SIGMOD%2520Record%26CFID%3D11111111%26CFTOKEN%3D2222222,2609,28429,2609_28429
journals/sigmod/Aberer03a,6MY_fFzgHtgJ,2616,1273,2616_1273
